GWAS	set_id	analysis_class	frozen_archetype	candidate_TF	condition	n_genes_requested	n_genes_mapped_to_entrez	n_genes_tested	beta	SE	P	BH_FDR_within_analysis_class	status	median_condition_specific_pgBoost_retained_links	max_condition_specific_pgBoost_retained_links
T1D	CS1411	structural_archetype_baseline	AP1/1			5392	2858	2855.0	0.017504	0.021649	0.20939	0.41878	primary		
T1D	CS1412	structural_archetype_baseline	AP1/2			12502	7609	7602.0	0.032458	0.016278	0.023083	0.13849799999999998	primary		
T1D	CS1413	structural_archetype_baseline	BCL6/1			4396	2424	2423.0	0.035076	0.023616	0.068742	0.23215090909090907	primary		
T1D	CS1414	structural_archetype_baseline	CCAAT/CEBP			3479	1819	1815.0	0.0061643	0.026702	0.40872	0.5659200000000001	primary		
T1D	CS1415	structural_archetype_baseline	CPEB1			2481	1201	1199.0	0.0020174	0.0319	0.47479	0.6330533333333334	primary		
T1D	CS1416	structural_archetype_baseline	CREB/ATF/1			4640	2902	2897.0	0.069173	0.021878	0.00078534	0.01884816	primary		
T1D	CS1417	structural_archetype_baseline	CREB/ATF/2			2887	1657	1655.0	0.098253	0.027866	0.00021157	0.01523304	primary		
T1D	CS1418	structural_archetype_baseline	CTCF			15996	10252	10246.0	0.024938	0.016382	0.063974	0.2303064	primary		
T1D	CS1419	structural_archetype_baseline	CUX/4			2305	1090	1089.0	0.030494	0.033146	0.17879	0.3786141176470588	primary		
T1D	CS1420	structural_archetype_baseline	E2F/3			7815	4676	4672.0	-0.0032737	0.018346	0.57081	0.6523542857142858	primary		
T1D	CS1421	structural_archetype_baseline	ETS/1			18842	11884	11873.0	0.022462	0.017028	0.09357	0.2694816	primary		
T1D	CS1422	structural_archetype_baseline	ETS/2			11128	6777	6771.0	0.041474	0.016627	0.0063135	0.09091439999999999	primary		
T1D	CS1423	structural_archetype_baseline	Ebox/CACGTG/1			16355	10047	10037.0	0.021516	0.016233	0.092518	0.2694816	primary		
T1D	CS1424	structural_archetype_baseline	Ebox/CAGATGG			7342	4120	4117.0	0.0066108	0.019065	0.36439	0.5463036734693878	primary		
T1D	CS1425	structural_archetype_baseline	Ebox/CATATG			6698	3479	3475.0	0.0097822	0.020206	0.31415	0.4918069565217391	primary		
T1D	CS1426	structural_archetype_baseline	FOX/4			6019	2952	2951.0	-0.0046175	0.021492	0.58506	0.6528738461538462	primary		
T1D	CS1427	structural_archetype_baseline	FOX/5			12469	6915	6908.0	0.012684	0.016481	0.22077	0.4210294736842105	primary		
T1D	CS1428	structural_archetype_baseline	FOX/6			3540	1596	1596.0	-0.0046575	0.028316	0.56532	0.6523542857142858	primary		
T1D	CS1429	structural_archetype_baseline	GATA			3006	1445	1443.0	0.0059948	0.029549	0.41962	0.5700498113207547	primary		
T1D	CS1430	structural_archetype_baseline	GC-tract			13714	8960	8954.0	0.032387	0.016147	0.022447	0.13849799999999998	primary		
T1D	CS1431	structural_archetype_baseline	GFI			5270	2810	2808.0	0.00073329	0.021674	0.48651	0.6368858181818182	primary		
T1D	CS1432	structural_archetype_baseline	GMEB2/2			651	364	362.0	0.078552	0.0585	0.089684	0.2694816	primary		
T1D	CS1433	structural_archetype_baseline	HAND1			10419	6067	6061.0	0.024871	0.016931	0.070935	0.23215090909090907	primary		
T1D	CS1434	structural_archetype_baseline	HD/10			3298	1501	1498.0	0.034066	0.028846	0.11881	0.293256	primary		
T1D	CS1435	structural_archetype_baseline	HD/11			2575	1156	1156.0	-0.021898	0.032534	0.74955	0.8176909090909091	primary		
T1D	CS1436	structural_archetype_baseline	HD/2			1810	806	806.0	-0.001262	0.038535	0.51306	0.6523542857142858	primary		
T1D	CS1437	structural_archetype_baseline	HIC/1			11351	6774	6771.0	0.011487	0.016654	0.24517	0.441306	primary		
T1D	CS1438	structural_archetype_baseline	IRF/1			4782	2611	2608.0	0.011805	0.022961	0.30358	0.4918069565217391	primary		
T1D	CS1439	structural_archetype_baseline	IRF/3			3914	2315	2311.0	0.052082	0.024068	0.015239	0.12191199999999999	primary		
T1D	CS1440	structural_archetype_baseline	KAISO			10606	7058	7049.0	0.048867	0.016728	0.0017451	0.031411800000000004	primary		
T1D	CS1441	structural_archetype_baseline	KLF/SP/1			19443	12315	12305.0	0.018821	0.017482	0.14084	0.31689	primary		
T1D	CS1442	structural_archetype_baseline	KLF/SP/2			14925	9737	9731.0	0.026452	0.016436	0.05377	0.22773176470588233	primary		
T1D	CS1443	structural_archetype_baseline	MAF			7456	4051	4045.0	-0.0015673	0.01917	0.53258	0.6523542857142858	primary		
T1D	CS1444	structural_archetype_baseline	MBD2			15567	10336	10329.0	0.038427	0.016527	0.010037	0.11336914285714286	primary		
T1D	CS1445	structural_archetype_baseline	NFAC/2			6342	3386	3383.0	-0.028092	0.020629	0.91335	0.91335	primary		
T1D	CS1446	structural_archetype_baseline	NFAT/3			2911	1289	1288.0	-0.024179	0.031145	0.78122	0.83952	primary		
T1D	CS1447	structural_archetype_baseline	NFAT/4			5955	3487	3483.0	0.031274	0.020257	0.061319	0.2303064	primary		
T1D	CS1448	structural_archetype_baseline	NFY			3813	2129	2128.0	-0.024679	0.025189	0.83639	0.8602868571428571	primary		
T1D	CS1449	structural_archetype_baseline	NR/1			8113	4692	4691.0	0.019825	0.018193	0.13793	0.31689	primary		
T1D	CS1450	structural_archetype_baseline	NR/13			9998	5677	5671.0	0.013145	0.017188	0.22221	0.4210294736842105	primary		
T1D	CS1451	structural_archetype_baseline	NR/18			4921	2892	2890.0	0.01139	0.021903	0.30153	0.4918069565217391	primary		
T1D	CS1452	structural_archetype_baseline	NR/20			7750	4434	4431.0	-0.0011258	0.018467	0.5243	0.6523542857142858	primary		
T1D	CS1453	structural_archetype_baseline	NR/4			1552	781	781.0	0.016715	0.03981	0.33729	0.516699574468085	primary		
T1D	CS1454	structural_archetype_baseline	NRF1			14975	9821	9812.0	0.029361	0.01632	0.036013	0.17286240000000003	primary		
T1D	CS1455	structural_archetype_baseline	OCT4+SOX2			3999	1899	1898.0	0.031113	0.026212	0.11763	0.293256	primary		
T1D	CS1456	structural_archetype_baseline	OSR2			12541	7668	7663.0	0.01989	0.016404	0.11267	0.293256	primary		
T1D	CS1457	structural_archetype_baseline	PAX/1			5131	3138	3135.0	-0.019138	0.021145	0.81728	0.8602868571428571	primary		
T1D	CS1458	structural_archetype_baseline	POU/1			3509	1722	1718.0	-0.0028894	0.027389	0.54201	0.6523542857142858	primary		
T1D	CS1459	structural_archetype_baseline	POU/2			3511	1606	1606.0	0.0092446	0.02826	0.37179	0.5463036734693878	primary		
T1D	CS1460	structural_archetype_baseline	PRDM1			9369	5362	5357.0	0.0044606	0.017687	0.40044	0.5653270588235294	primary		
T1D	CS1461	structural_archetype_baseline	PRDM14			4079	2333	2330.0	-0.0054022	0.023903	0.5894	0.6528738461538462	primary		
T1D	CS1462	structural_archetype_baseline	REST/NRSF			9542	5871	5866.0	0.016346	0.017177	0.17066	0.3723490909090909	primary		
T1D	CS1463	structural_archetype_baseline	RFX/1			14779	9548	9543.0	0.034298	0.016285	0.017603	0.1267416	primary		
T1D	CS1464	structural_archetype_baseline	RFX/2			9364	5595	5591.0	0.010811	0.017487	0.26821	0.47100292682926825	primary		
T1D	CS1465	structural_archetype_baseline	RFX/3			14141	8764	8757.0	0.036784	0.016064	0.011022	0.11336914285714286	primary		
T1D	CS1466	structural_archetype_baseline	SCRT1			6414	3555	3548.0	0.0057767	0.020065	0.38672	0.5568768	primary		
T1D	CS1467	structural_archetype_baseline	SMAD			13447	8019	8012.0	0.0078353	0.01619	0.31421	0.4918069565217391	primary		
T1D	CS1468	structural_archetype_baseline	SNAI2			12039	7114	7104.0	0.013573	0.016376	0.2036	0.41878	primary		
T1D	CS1469	structural_archetype_baseline	SOX/8			4686	2375	2372.0	-0.028308	0.023533	0.88549	0.897961690140845	primary		
T1D	CS1470	structural_archetype_baseline	TFAP2/2			11192	7197	7194.0	0.05273	0.01658	0.00073662	0.01884816	primary		
T1D	CS1471	structural_archetype_baseline	YY1			8062	4883	4876.0	0.035032	0.018036	0.026058	0.14432123076923078	primary		
T1D	CS1472	structural_archetype_baseline	ZBTB14			12295	8186	8181.0	0.029552	0.016418	0.03594	0.17286240000000003	primary		
T1D	CS1473	structural_archetype_baseline	ZIC/2			11948	7480	7474.0	0.026655	0.016449	0.052573	0.22773176470588233	primary		
T1D	CS1474	structural_archetype_baseline	ZNF136			3682	1859	1856.0	-0.0041717	0.026073	0.56356	0.6523542857142858	primary		
T1D	CS1475	structural_archetype_baseline	ZNF143			8434	4984	4979.0	0.0087725	0.01806	0.31358	0.4918069565217391	primary		
T1D	CS1476	structural_archetype_baseline	ZNF28			5689	2966	2961.0	-0.020105	0.021495	0.82519	0.8602868571428571	primary		
T1D	CS1477	structural_archetype_baseline	ZNF317			4350	2207	2204.0	-0.0029466	0.024366	0.54813	0.6523542857142858	primary		
T1D	CS1478	structural_archetype_baseline	ZNF331			9586	5956	5949.0	0.021824	0.017068	0.10053	0.2783907692307692	primary		
T1D	CS1479	structural_archetype_baseline	ZNF335			8123	4695	4691.0	0.013143	0.018203	0.23515	0.43412307692307694	primary		
T1D	CS1480	structural_archetype_baseline	ZNF436			11531	7124	7118.0	0.01924	0.016527	0.12219	0.293256	primary		
T1D	CS1481	structural_archetype_baseline	ZNF563			13721	8653	8648.0	0.035307	0.016131	0.014313	0.12191199999999999	primary		
T1D	CS1482	structural_archetype_baseline	ZNF708			9988	5915	5909.0	0.026594	0.01709	0.059849	0.2303064	primary		
T2D Suzuki 2024	CS1411	structural_archetype_baseline	AP1/1			5392	2858	2765.0	0.032503	0.02828	0.12522	0.15817263157894737	primary		
T2D Suzuki 2024	CS1412	structural_archetype_baseline	AP1/2			12502	7609	7367.0	0.11162	0.021169	6.8122e-08	2.229447272727273e-07	primary		
T2D Suzuki 2024	CS1413	structural_archetype_baseline	BCL6/1			4396	2424	2354.0	0.064328	0.030847	0.018526	0.028380255319148937	primary		
T2D Suzuki 2024	CS1414	structural_archetype_baseline	CCAAT/CEBP			3479	1819	1762.0	0.029701	0.034765	0.19646	0.23575200000000002	primary		
T2D Suzuki 2024	CS1415	structural_archetype_baseline	CPEB1			2481	1201	1163.0	0.028036	0.042588	0.25518	0.2963380645161291	primary		
T2D Suzuki 2024	CS1416	structural_archetype_baseline	CREB/ATF/1			4640	2902	2815.0	0.084794	0.02841	0.0014216	0.002496468292682927	primary		
T2D Suzuki 2024	CS1417	structural_archetype_baseline	CREB/ATF/2			2887	1657	1601.0	0.056367	0.036628	0.061924	0.08188363636363635	primary		
T2D Suzuki 2024	CS1418	structural_archetype_baseline	CTCF			15996	10252	9934.0	0.19418	0.021293	4.2264e-20	6.086016e-19	primary		
T2D Suzuki 2024	CS1419	structural_archetype_baseline	CUX/4			2305	1090	1056.0	0.066252	0.043195	0.06255	0.08188363636363635	primary		
T2D Suzuki 2024	CS1420	structural_archetype_baseline	E2F/3			7815	4676	4506.0	0.11644	0.024063	6.5901e-07	1.8249507692307692e-06	primary		
T2D Suzuki 2024	CS1421	structural_archetype_baseline	ETS/1			18842	11884	11475.0	0.20298	0.022132	2.6277e-20	4.72986e-19	primary		
T2D Suzuki 2024	CS1422	structural_archetype_baseline	ETS/2			11128	6777	6565.0	0.10243	0.021685	1.1685e-06	3.0047142857142858e-06	primary		
T2D Suzuki 2024	CS1423	structural_archetype_baseline	Ebox/CACGTG/1			16355	10047	9693.0	0.16469	0.021056	2.7805e-15	1.8199636363636365e-14	primary		
T2D Suzuki 2024	CS1424	structural_archetype_baseline	Ebox/CAGATGG			7342	4120	3987.0	0.075255	0.025035	0.0013258	0.00238644	primary		
T2D Suzuki 2024	CS1425	structural_archetype_baseline	Ebox/CATATG			6698	3479	3354.0	0.030087	0.026471	0.12786	0.15872275862068966	primary		
T2D Suzuki 2024	CS1426	structural_archetype_baseline	FOX/4			6019	2952	2862.0	0.06331	0.028284	0.012606	0.0201696	primary		
T2D Suzuki 2024	CS1427	structural_archetype_baseline	FOX/5			12469	6915	6679.0	0.09859	0.021449	2.1644e-06	5.026993548387097e-06	primary		
T2D Suzuki 2024	CS1428	structural_archetype_baseline	FOX/6			3540	1596	1558.0	-0.005345	0.036638	0.55799	0.6180812307692308	primary		
T2D Suzuki 2024	CS1429	structural_archetype_baseline	GATA			3006	1445	1402.0	0.07335	0.038268	0.027645	0.038646	primary		
T2D Suzuki 2024	CS1430	structural_archetype_baseline	GC-tract			13714	8960	8636.0	0.20267	0.021225	7.531999999999999e-22	1.8076799999999998e-20	primary		
T2D Suzuki 2024	CS1431	structural_archetype_baseline	GFI			5270	2810	2711.0	0.050613	0.028709	0.038963	0.052930867924528294	primary		
T2D Suzuki 2024	CS1432	structural_archetype_baseline	GMEB2/2			651	364	347.0	-0.00048847	0.075646	0.50258	0.5654025	primary		
T2D Suzuki 2024	CS1433	structural_archetype_baseline	HAND1			10419	6067	5872.0	0.11369	0.022309	1.7534e-07	5.2602e-07	primary		
T2D Suzuki 2024	CS1434	structural_archetype_baseline	HD/10			3298	1501	1461.0	-0.037273	0.037996	0.83669	0.83669	primary		
T2D Suzuki 2024	CS1435	structural_archetype_baseline	HD/11			2575	1156	1119.0	0.061465	0.042468	0.073909	0.09502585714285715	primary		
T2D Suzuki 2024	CS1436	structural_archetype_baseline	HD/2			1810	806	778.0	-0.032694	0.050321	0.74206	0.7743234782608697	primary		
T2D Suzuki 2024	CS1437	structural_archetype_baseline	HIC/1			11351	6774	6555.0	0.10785	0.021711	3.4264e-07	9.868032e-07	primary		
T2D Suzuki 2024	CS1438	structural_archetype_baseline	IRF/1			4782	2611	2532.0	0.072965	0.030007	0.0075216	0.012308072727272728	primary		
T2D Suzuki 2024	CS1439	structural_archetype_baseline	IRF/3			3914	2315	2245.0	0.059963	0.031352	0.027911	0.038646	primary		
T2D Suzuki 2024	CS1440	structural_archetype_baseline	KAISO			10606	7058	6823.0	0.16429	0.021767	2.336e-14	1.4016e-13	primary		
T2D Suzuki 2024	CS1441	structural_archetype_baseline	KLF/SP/1			19443	12315	11867.0	0.21876	0.02272	3.4714e-22	1.2497039999999999e-20	primary		
T2D Suzuki 2024	CS1442	structural_archetype_baseline	KLF/SP/2			14925	9737	9375.0	0.20705	0.021407	2.2863999999999997e-22	1.2497039999999999e-20	primary		
T2D Suzuki 2024	CS1443	structural_archetype_baseline	MAF			7456	4051	3932.0	0.10451	0.025069	1.5382e-05	3.3560727272727275e-05	primary		
T2D Suzuki 2024	CS1444	structural_archetype_baseline	MBD2			15567	10336	10015.0	0.18052	0.021432	1.9873e-17	2.04408e-16	primary		
T2D Suzuki 2024	CS1445	structural_archetype_baseline	NFAC/2			6342	3386	3274.0	0.059096	0.027016	0.014362	0.02247965217391304	primary		
T2D Suzuki 2024	CS1446	structural_archetype_baseline	NFAT/3			2911	1289	1257.0	-0.020318	0.04081	0.69071	0.7313400000000001	primary		
T2D Suzuki 2024	CS1447	structural_archetype_baseline	NFAT/4			5955	3487	3394.0	0.096503	0.026249	0.00011868	0.00024414171428571425	primary		
T2D Suzuki 2024	CS1448	structural_archetype_baseline	NFY			3813	2129	2054.0	0.10323	0.03295	0.00086712	0.0016429642105263158	primary		
T2D Suzuki 2024	CS1449	structural_archetype_baseline	NR/1			8113	4692	4551.0	0.13023	0.023782	2.2088e-08	7.573028571428571e-08	primary		
T2D Suzuki 2024	CS1450	structural_archetype_baseline	NR/13			9998	5677	5488.0	0.089805	0.022273	2.7781e-05	5.883035294117648e-05	primary		
T2D Suzuki 2024	CS1451	structural_archetype_baseline	NR/18			4921	2892	2812.0	0.057591	0.028406	0.021319	0.030699360000000002	primary		
T2D Suzuki 2024	CS1452	structural_archetype_baseline	NR/20			7750	4434	4287.0	0.072152	0.024287	0.0014876	0.0025501714285714287	primary		
T2D Suzuki 2024	CS1453	structural_archetype_baseline	NR/4			1552	781	757.0	-0.04293	0.052806	0.79188	0.8145051428571429	primary		
T2D Suzuki 2024	CS1454	structural_archetype_baseline	NRF1			14975	9821	9494.0	0.19026	0.02119	1.5225000000000002e-19	1.8270000000000004e-18	primary		
T2D Suzuki 2024	CS1455	structural_archetype_baseline	OCT4+SOX2			3999	1899	1844.0	0.030735	0.033915	0.18241	0.22260203389830507	primary		
T2D Suzuki 2024	CS1456	structural_archetype_baseline	OSR2			12541	7668	7433.0	0.14401	0.021448	9.7526e-12	4.13051294117647e-11	primary		
T2D Suzuki 2024	CS1457	structural_archetype_baseline	PAX/1			5131	3138	3039.0	0.13227	0.027962	1.1304e-06	3.0047142857142858e-06	primary		
T2D Suzuki 2024	CS1458	structural_archetype_baseline	POU/1			3509	1722	1668.0	-0.034682	0.036035	0.83208	0.83669	primary		
T2D Suzuki 2024	CS1459	structural_archetype_baseline	POU/2			3511	1606	1566.0	-0.017793	0.037134	0.68408	0.7313400000000001	primary		
T2D Suzuki 2024	CS1460	structural_archetype_baseline	PRDM1			9369	5362	5178.0	0.081477	0.023081	0.00020831	0.00041662	primary		
T2D Suzuki 2024	CS1461	structural_archetype_baseline	PRDM14			4079	2333	2239.0	0.096348	0.031107	0.00097828	0.0018060553846153844	primary		
T2D Suzuki 2024	CS1462	structural_archetype_baseline	REST/NRSF			9542	5871	5705.0	0.12413	0.022327	1.3743e-08	4.9474799999999994e-08	primary		
T2D Suzuki 2024	CS1463	structural_archetype_baseline	RFX/1			14779	9548	9251.0	0.17329	0.021246	1.8519e-16	1.333368e-15	primary		
T2D Suzuki 2024	CS1464	structural_archetype_baseline	RFX/2			9364	5595	5417.0	0.10564	0.022709	1.6576e-06	3.97824e-06	primary		
T2D Suzuki 2024	CS1465	structural_archetype_baseline	RFX/3			14141	8764	8492.0	0.15309	0.021072	1.9503e-13	1.0030114285714286e-12	primary		
T2D Suzuki 2024	CS1466	structural_archetype_baseline	SCRT1			6414	3555	3444.0	0.05366	0.026182	0.020215	0.029703673469387758	primary		
T2D Suzuki 2024	CS1467	structural_archetype_baseline	SMAD			13447	8019	7741.0	0.12613	0.021171	1.3073e-09	4.953978947368421e-09	primary		
T2D Suzuki 2024	CS1468	structural_archetype_baseline	SNAI2			12039	7114	6901.0	0.099867	0.02136	1.4792e-06	3.6724965517241377e-06	primary		
T2D Suzuki 2024	CS1469	structural_archetype_baseline	SOX/8			4686	2375	2308.0	-0.0095164	0.03051	0.62244	0.6790254545454546	primary		
T2D Suzuki 2024	CS1470	structural_archetype_baseline	TFAP2/2			11192	7197	6984.0	0.15577	0.021496	2.2403e-13	1.0753440000000002e-12	primary		
T2D Suzuki 2024	CS1471	structural_archetype_baseline	YY1			8062	4883	4704.0	0.14723	0.02367	2.5451e-10	1.01804e-09	primary		
T2D Suzuki 2024	CS1472	structural_archetype_baseline	ZBTB14			12295	8186	7951.0	0.15536	0.021349	1.7891e-13	9.908861538461538e-13	primary		
T2D Suzuki 2024	CS1473	structural_archetype_baseline	ZIC/2			11948	7480	7225.0	0.17796	0.021431	5.4465e-17	4.3572e-16	primary		
T2D Suzuki 2024	CS1474	structural_archetype_baseline	ZNF136			3682	1859	1805.0	0.029019	0.034699	0.2015	0.23783606557377052	primary		
T2D Suzuki 2024	CS1475	structural_archetype_baseline	ZNF143			8434	4984	4838.0	0.099242	0.023658	1.3731e-05	3.089475e-05	primary		
T2D Suzuki 2024	CS1476	structural_archetype_baseline	ZNF28			5689	2966	2858.0	0.058817	0.028382	0.019125	0.0286875	primary		
T2D Suzuki 2024	CS1477	structural_archetype_baseline	ZNF317			4350	2207	2141.0	0.0071144	0.032322	0.41289	0.4718742857142857	primary		
T2D Suzuki 2024	CS1478	structural_archetype_baseline	ZNF331			9586	5956	5766.0	0.11707	0.022498	9.9087e-08	3.1018539130434784e-07	primary		
T2D Suzuki 2024	CS1479	structural_archetype_baseline	ZNF335			8123	4695	4528.0	0.078212	0.023902	0.00053479	0.0010406724324324326	primary		
T2D Suzuki 2024	CS1480	structural_archetype_baseline	ZNF436			11531	7124	6902.0	0.14877	0.021608	2.996e-12	1.3482000000000001e-11	primary		
T2D Suzuki 2024	CS1481	structural_archetype_baseline	ZNF563			13721	8653	8390.0	0.17662	0.021125	3.3734e-17	3.0360600000000005e-16	primary		
T2D Suzuki 2024	CS1482	structural_archetype_baseline	ZNF708			9988	5915	5738.0	0.065799	0.022357	0.0016269	0.002724111627906977	primary		
T2D DIAMANTE 2022	CS1411	structural_archetype_baseline	AP1/1			5392	2858	2774.0	0.020397	0.024081	0.1985	0.24223728813559325	primary		
T2D DIAMANTE 2022	CS1412	structural_archetype_baseline	AP1/2			12502	7609	7384.0	0.06777	0.01796	8.0817e-05	0.00020781514285714284	primary		
T2D DIAMANTE 2022	CS1413	structural_archetype_baseline	BCL6/1			4396	2424	2358.0	0.037814	0.025731	0.070851	0.10002494117647058	primary		
T2D DIAMANTE 2022	CS1414	structural_archetype_baseline	CCAAT/CEBP			3479	1819	1766.0	0.039553	0.029342	0.08884	0.11845333333333334	primary		
T2D DIAMANTE 2022	CS1415	structural_archetype_baseline	CPEB1			2481	1201	1164.0	0.020757	0.035586	0.27985	0.31982857142857146	primary		
T2D DIAMANTE 2022	CS1416	structural_archetype_baseline	CREB/ATF/1			4640	2902	2820.0	0.08816	0.024345	0.00014703	0.00034148903225806454	primary		
T2D DIAMANTE 2022	CS1417	structural_archetype_baseline	CREB/ATF/2			2887	1657	1607.0	0.048352	0.03047	0.056284	0.08104896	primary		
T2D DIAMANTE 2022	CS1418	structural_archetype_baseline	CTCF			15996	10252	9949.0	0.1267	0.018179	1.6516e-12	1.189152e-10	primary		
T2D DIAMANTE 2022	CS1419	structural_archetype_baseline	CUX/4			2305	1090	1058.0	0.024051	0.036501	0.25498	0.30095999999999995	primary		
T2D DIAMANTE 2022	CS1420	structural_archetype_baseline	E2F/3			7815	4676	4518.0	0.069775	0.020451	0.00032357	0.0007280325	primary		
T2D DIAMANTE 2022	CS1421	structural_archetype_baseline	ETS/1			18842	11884	11494.0	0.12277	0.018819	3.5363e-11	5.092272e-10	primary		
T2D DIAMANTE 2022	CS1422	structural_archetype_baseline	ETS/2			11128	6777	6581.0	0.084316	0.018228	1.8818e-06	7.5272e-06	primary		
T2D DIAMANTE 2022	CS1423	structural_archetype_baseline	Ebox/CACGTG/1			16355	10047	9705.0	0.11951	0.018097	2.0697e-11	3.72546e-10	primary		
T2D DIAMANTE 2022	CS1424	structural_archetype_baseline	Ebox/CAGATGG			7342	4120	3988.0	0.056741	0.020887	0.0033015	0.0059427	primary		
T2D DIAMANTE 2022	CS1425	structural_archetype_baseline	Ebox/CATATG			6698	3479	3361.0	0.014004	0.022379	0.26573	0.3085896774193549	primary		
T2D DIAMANTE 2022	CS1426	structural_archetype_baseline	FOX/4			6019	2952	2864.0	0.033303	0.023967	0.08234	0.11185811320754716	primary		
T2D DIAMANTE 2022	CS1427	structural_archetype_baseline	FOX/5			12469	6915	6691.0	0.068107	0.018279	9.7595e-05	0.0002423048275862069	primary		
T2D DIAMANTE 2022	CS1428	structural_archetype_baseline	FOX/6			3540	1596	1559.0	0.026516	0.031002	0.19619	0.24223728813559325	primary		
T2D DIAMANTE 2022	CS1429	structural_archetype_baseline	GATA			3006	1445	1402.0	0.034712	0.0325	0.14276	0.18354857142857142	primary		
T2D DIAMANTE 2022	CS1430	structural_archetype_baseline	GC-tract			13714	8960	8649.0	0.11942	0.01801	1.726e-11	3.72546e-10	primary		
T2D DIAMANTE 2022	CS1431	structural_archetype_baseline	GFI			5270	2810	2712.0	0.052178	0.024356	0.016094	0.025190608695652175	primary		
T2D DIAMANTE 2022	CS1432	structural_archetype_baseline	GMEB2/2			651	364	347.0	0.012713	0.062945	0.41997	0.4651975384615385	primary		
T2D DIAMANTE 2022	CS1433	structural_archetype_baseline	HAND1			10419	6067	5887.0	0.060521	0.018854	0.00066493	0.0012939178378378379	primary		
T2D DIAMANTE 2022	CS1434	structural_archetype_baseline	HD/10			3298	1501	1462.0	0.0020853	0.031986	0.47401	0.4946191304347826	primary		
T2D DIAMANTE 2022	CS1435	structural_archetype_baseline	HD/11			2575	1156	1119.0	0.051292	0.036003	0.077142	0.106812	primary		
T2D DIAMANTE 2022	CS1436	structural_archetype_baseline	HD/2			1810	806	779.0	-0.015329	0.042909	0.63954	0.63954	primary		
T2D DIAMANTE 2022	CS1437	structural_archetype_baseline	HIC/1			11351	6774	6564.0	0.076362	0.018415	1.6948e-05	5.8107428571428574e-05	primary		
T2D DIAMANTE 2022	CS1438	structural_archetype_baseline	IRF/1			4782	2611	2539.0	0.083389	0.025658	0.00057817	0.0011771	primary		
T2D DIAMANTE 2022	CS1439	structural_archetype_baseline	IRF/3			3914	2315	2249.0	0.06018	0.026424	0.011385	0.01863	primary		
T2D DIAMANTE 2022	CS1440	structural_archetype_baseline	KAISO			10606	7058	6837.0	0.093301	0.018551	2.4866e-07	1.2788228571428571e-06	primary		
T2D DIAMANTE 2022	CS1441	structural_archetype_baseline	KLF/SP/1			19443	12315	11884.0	0.12447	0.01927	5.4084e-11	5.959131428571428e-10	primary		
T2D DIAMANTE 2022	CS1442	structural_archetype_baseline	KLF/SP/2			14925	9737	9392.0	0.12016	0.018163	1.9133e-11	3.72546e-10	primary		
T2D DIAMANTE 2022	CS1443	structural_archetype_baseline	MAF			7456	4051	3940.0	0.069268	0.021166	0.00053389	0.0011305905882352941	primary		
T2D DIAMANTE 2022	CS1444	structural_archetype_baseline	MBD2			15567	10336	10027.0	0.1178	0.018267	5.7936e-11	5.959131428571428e-10	primary		
T2D DIAMANTE 2022	CS1445	structural_archetype_baseline	NFAC/2			6342	3386	3277.0	0.042794	0.023174	0.032408	0.04964629787234042	primary		
T2D DIAMANTE 2022	CS1446	structural_archetype_baseline	NFAT/3			2911	1289	1260.0	0.0031649	0.034226	0.46316	0.4946191304347826	primary		
T2D DIAMANTE 2022	CS1447	structural_archetype_baseline	NFAT/4			5955	3487	3395.0	0.064829	0.022507	0.0019888	0.0037682526315789473	primary		
T2D DIAMANTE 2022	CS1448	structural_archetype_baseline	NFY			3813	2129	2066.0	0.063781	0.027995	0.011361	0.01863	primary		
T2D DIAMANTE 2022	CS1449	structural_archetype_baseline	NR/1			8113	4692	4555.0	0.099179	0.020069	3.9097e-07	1.7593650000000001e-06	primary		
T2D DIAMANTE 2022	CS1450	structural_archetype_baseline	NR/13			9998	5677	5499.0	0.07656	0.018864	2.4825e-05	7.1496e-05	primary		
T2D DIAMANTE 2022	CS1451	structural_archetype_baseline	NR/18			4921	2892	2814.0	0.038163	0.023818	0.054558	0.08016685714285715	primary		
T2D DIAMANTE 2022	CS1452	structural_archetype_baseline	NR/20			7750	4434	4295.0	0.057476	0.020538	0.0025695	0.004743692307692308	primary		
T2D DIAMANTE 2022	CS1453	structural_archetype_baseline	NR/4			1552	781	758.0	-0.0066587	0.04441	0.55959	0.5755782857142857	primary		
T2D DIAMANTE 2022	CS1454	structural_archetype_baseline	NRF1			14975	9821	9505.0	0.10408	0.018059	4.1959e-09	3.35672e-08	primary		
T2D DIAMANTE 2022	CS1455	structural_archetype_baseline	OCT4+SOX2			3999	1899	1840.0	0.0282	0.029076	0.16606	0.20976000000000003	primary		
T2D DIAMANTE 2022	CS1456	structural_archetype_baseline	OSR2			12541	7668	7440.0	0.091339	0.01815	2.4464e-07	1.2788228571428571e-06	primary		
T2D DIAMANTE 2022	CS1457	structural_archetype_baseline	PAX/1			5131	3138	3040.0	0.055658	0.023575	0.0091219	0.015637542857142857	primary		
T2D DIAMANTE 2022	CS1458	structural_archetype_baseline	POU/1			3509	1722	1674.0	0.0037158	0.030347	0.45127	0.49229454545454543	primary		
T2D DIAMANTE 2022	CS1459	structural_archetype_baseline	POU/2			3511	1606	1569.0	0.014096	0.031063	0.325	0.36562500000000003	primary		
T2D DIAMANTE 2022	CS1460	structural_archetype_baseline	PRDM1			9369	5362	5192.0	0.073527	0.019336	7.1855e-05	0.00019161333333333333	primary		
T2D DIAMANTE 2022	CS1461	structural_archetype_baseline	PRDM14			4079	2333	2242.0	0.042226	0.026222	0.053675	0.08016685714285715	primary		
T2D DIAMANTE 2022	CS1462	structural_archetype_baseline	REST/NRSF			9542	5871	5708.0	0.077867	0.018894	1.8946e-05	5.930921739130435e-05	primary		
T2D DIAMANTE 2022	CS1463	structural_archetype_baseline	RFX/1			14779	9548	9259.0	0.10337	0.018086	5.5808e-09	4.018176e-08	primary		
T2D DIAMANTE 2022	CS1464	structural_archetype_baseline	RFX/2			9364	5595	5426.0	0.065022	0.019242	0.0003644	0.0007950545454545455	primary		
T2D DIAMANTE 2022	CS1465	structural_archetype_baseline	RFX/3			14141	8764	8507.0	0.086275	0.017726	5.7201e-07	2.422630588235294e-06	primary		
T2D DIAMANTE 2022	CS1466	structural_archetype_baseline	SCRT1			6414	3555	3446.0	0.0593	0.022103	0.0036536	0.006416078048780488	primary		
T2D DIAMANTE 2022	CS1467	structural_archetype_baseline	SMAD			13447	8019	7757.0	0.072926	0.01789	2.2989e-05	6.8967e-05	primary		
T2D DIAMANTE 2022	CS1468	structural_archetype_baseline	SNAI2			12039	7114	6913.0	0.081322	0.018142	3.7135e-06	1.4072210526315788e-05	primary		
T2D DIAMANTE 2022	CS1469	structural_archetype_baseline	SOX/8			4686	2375	2313.0	0.0019548	0.025864	0.46988	0.4946191304347826	primary		
T2D DIAMANTE 2022	CS1470	structural_archetype_baseline	TFAP2/2			11192	7197	6993.0	0.091194	0.018182	2.671e-07	1.28208e-06	primary		
T2D DIAMANTE 2022	CS1471	structural_archetype_baseline	YY1			8062	4883	4716.0	0.083279	0.020149	1.7977e-05	5.8833818181818185e-05	primary		
T2D DIAMANTE 2022	CS1472	structural_archetype_baseline	ZBTB14			12295	8186	7960.0	0.096765	0.018137	4.8386e-08	3.1670836363636365e-07	primary		
T2D DIAMANTE 2022	CS1473	structural_archetype_baseline	ZIC/2			11948	7480	7243.0	0.1072	0.018089	1.5813e-09	1.4231699999999998e-08	primary		
T2D DIAMANTE 2022	CS1474	structural_archetype_baseline	ZNF136			3682	1859	1806.0	-0.0056911	0.029053	0.57765	0.5857859154929578	primary		
T2D DIAMANTE 2022	CS1475	structural_archetype_baseline	ZNF143			8434	4984	4841.0	0.074103	0.019992	0.00010538	0.000252912	primary		
T2D DIAMANTE 2022	CS1476	structural_archetype_baseline	ZNF28			5689	2966	2864.0	0.02627	0.023928	0.13614	0.17821963636363636	primary		
T2D DIAMANTE 2022	CS1477	structural_archetype_baseline	ZNF317			4350	2207	2145.0	0.0201	0.026989	0.22822	0.273864	primary		
T2D DIAMANTE 2022	CS1478	structural_archetype_baseline	ZNF331			9586	5956	5772.0	0.074367	0.018898	4.1765e-05	0.00011565692307692306	primary		
T2D DIAMANTE 2022	CS1479	structural_archetype_baseline	ZNF335			8123	4695	4541.0	0.043145	0.02012	0.016011	0.025190608695652175	primary		
T2D DIAMANTE 2022	CS1480	structural_archetype_baseline	ZNF436			11531	7124	6923.0	0.08057	0.018218	4.9074e-06	1.766664e-05	primary		
T2D DIAMANTE 2022	CS1481	structural_archetype_baseline	ZNF563			13721	8653	8395.0	0.093201	0.017947	1.0463e-07	6.2778e-07	primary		
T2D DIAMANTE 2022	CS1482	structural_archetype_baseline	ZNF708			9988	5915	5742.0	0.061269	0.018881	0.00058855	0.0011771	primary		
