TF	frozen_archetype	motif_family	regulator_group	SCbeta_baseline_expression	SCbeta_dynamic_range	n_TF_specific_targets	n_regulator_group_shared_targets	n_archetype_compatible_unresolved_targets	n_Tier1_CRE_gene_edges	n_Tier2_CRE_gene_edges	archetype_top_model_support_condition	n_conditions_with_model_support
AR	NR/20	NR	NR/20_group1	2.686	2.752	18	20	7547	2	0	dex	1
ARID3B	HD/2	HD	HD/2_group10	5.607	1.17	4	2	1714	0	0	3-cyt	0
ARNT	Ebox/CACGTG/1	Ebox/CACGTG	Ebox/CACGTG/1_group16	6.661	0.714	13	31	15445	0	0	Ex-4_HG	5
ARX	HD/2	HD	HD/2_group6	1.971	7.813	4	6	1714	0	0	3-cyt	4
ATF1	CREB/ATF/1	CREB/ATF	CREB/ATF/1_group1	5.614	1.757	29	6	4442	0	0	3-cyt	5
ATF2	CREB/ATF/1	CREB/ATF	CREB/ATF/1_group3	7.5	1.069	40	6	4442	0	0	3-cyt	5
ATF3	AP1/1	AP1	AP1/1_group4	2.141	4.379	37	6	5170	0	0	palmitate	5
ATF3	CREB/ATF/1	CREB/ATF	CREB/ATF/1_group6	2.141	4.379	36	3	4442	0	0	IFNg	5
ATF7	CREB/ATF/2	CREB/ATF	CREB/ATF/2_group3	2.882	1.819	22	10	2670	0	0	palmitate	5
BACH1	AP1/2	AP1	AP1/2_group1	6.652	1.531	116	11	12177	1	0	palmitate	5
BACH2	AP1/2	AP1	AP1/2_group3	6.68	2.549	38	19	12177	0	0	Ex-4_HG	5
BHLHE40	Ebox/CACGTG/1	Ebox/CACGTG	Ebox/CACGTG/1_group4	2.909	3.039	12	44	15445	0	0	Ex-4_HG	5
BHLHE41	Ebox/CACGTG/1	Ebox/CACGTG	Ebox/CACGTG/1_group5	1.104	1.875	34	38	15445	0	0	Ex-4_HG	5
BMAL1	Ebox/CACGTG/1	Ebox/CACGTG	Ebox/CACGTG/1_group17	4.824	1.355	2	27	15445	0	0	3-cyt	0
CEBPB	CCAAT/CEBP	CCAAT/CEBP	CCAAT/CEBP_group3	2.215	3.503	34	0	3283	0	0	dex	1
CEBPD	CCAAT/CEBP	CCAAT/CEBP	CCAAT/CEBP_group1	1.38	3.596	18	20	3283	1	0	dex	1
CEBPG	CCAAT/CEBP	CCAAT/CEBP	CCAAT/CEBP_group4	3.456	2.102	30	8	3283	0	0	palmitate	1
CLOCK	Ebox/CACGTG/1	Ebox/CACGTG	Ebox/CACGTG/1_group1	7.449	0.852	16	23	15445	0	0	palmitate	5
CPEB1	CPEB1	CPEB1	CPEB1_group1	6.625	1.537	21	0	2460	0	0	3-cyt	0
CREB1	CREB/ATF/1	CREB/ATF	CREB/ATF/1_group4	6.986	0.716	20	14	4442	0	0	3-cyt	5
CREB3	CREB/ATF/2	CREB/ATF	CREB/ATF/2_group1	2.115	2.155	20	7	2670	0	0	Ex-4_HG	5
CREB3L1	Ebox/CACGTG/1	Ebox/CACGTG	Ebox/CACGTG/1_group14	1.383	3.293	8	14	15445	0	0	Ex-4_HG	1
CREB3L2	Ebox/CACGTG/1	Ebox/CACGTG	Ebox/CACGTG/1_group6	7.552	1.275	48	28	15445	2	0	palmitate	5
CREB5	CREB/ATF/2	CREB/ATF	CREB/ATF/2_group8	4.926	4.216	21	0	2670	1	0	Ex-4_HG	5
CREM	CREB/ATF/1	CREB/ATF	CREB/ATF/1_group2	5.233	1.766	3	9	4442	0	0	Ex-4_HG	5
CTCF	CTCF	CTCF	CTCF_group1	6.38	2.281	277	0	15719	2	0	palmitate	5
CUX2	CUX/4	CUX	CUX/4_group1	1.26	3.966	23	0	2282	0	0	3-cyt	0
DBP	CCAAT/CEBP	CCAAT/CEBP	CCAAT/CEBP_group6	1.28	2.145	2	11	3283	0	0	3-cyt	0
EGR1	KLF/SP/2	KLF/SP	KLF/SP/2_group7	3.324	4.582	14	41	13913	1	0	Ex-4_HG	5
ELF1	ETS/1	ETS	ETS/1_group7	7.88	1.875	53	37	17207	50	0	IFNg	5
ELF2	ETS/1	ETS	ETS/1_group5	7.669	0.813	45	21	17207	18	0	Ex-4_HG	5
ELF2	ETS/2	ETS	ETS/2_group7	7.669	0.813	58	29	10465	0	0	IFNg	5
ELF3	ETS/1	ETS	ETS/1_group13	3.676	2.872	23	39	17207	5	0	Ex-4_HG	5
ELF3	ETS/2	ETS	ETS/2_group4	3.676	2.872	16	21	10465	0	0	3-cyt	0
ELF4	ETS/1	ETS	ETS/1_group11	3.604	2.292	18	98	17207	0	0	3-cyt	5
ELK1	ETS/1	ETS	ETS/1_group9	2.281	1.8	6	42	17207	0	0	3-cyt	5
ELK3	ETS/1	ETS	ETS/1_group4	3.03	3.738	39	13	17207	10	0	3-cyt	5
ELK4	ETS/1	ETS	ETS/1_group1	4.683	1.327	72	72	17207	0	0	3-cyt	5
ELK4	ETS/2	ETS	ETS/2_group8	4.683	1.327	71	23	10465	0	0	3-cyt	5
ERF	ETS/1	ETS	ETS/1_group11	2.047	3.252	26	98	17207	0	0	palmitate	5
ETS1	ETS/1	ETS	ETS/1_group8	2.94	3.177	76	72	17207	15	0	palmitate	5
ETS1	ETS/2	ETS	ETS/2_group3	2.94	3.177	64	26	10465	0	0	Ex-4_HG	5
ETS2	ETS/2	ETS	ETS/2_group9	4.772	2.787	76	6	10465	0	0	3-cyt	5
ETV1	ETS/1	ETS	ETS/1_group6	7.815	1.81	12	66	17207	0	0	Ex-4_HG	5
ETV3	ETS/1	ETS	ETS/1_group3	3.02	1.862	6	47	17207	0	0	3-cyt	5
ETV4	ETS/1	ETS	ETS/1_group12	4.027	3.733	51	50	17207	4	0	3-cyt	5
ETV4	ETS/2	ETS	ETS/2_group5	4.027	3.733	87	0	10465	0	0	IFNg	5
ETV5	ETS/1	ETS	ETS/1_group10	4.128	1.534	13	131	17207	0	0	IFNg	5
ETV5	ETS/2	ETS	ETS/2_group1	4.128	1.534	22	49	10465	0	0	IFNg	5
ETV6	ETS/1	ETS	ETS/1_group14	7.865	2.148	36	98	17207	19	0	IFNg	5
ETV6	ETS/2	ETS	ETS/2_group6	7.865	2.148	26	51	10465	0	0	Ex-4_HG	5
FEV	ETS/1	ETS	ETS/1_group15	1.63	3.209	7	13	17207	0	0	IFNg	5
FEV	ETS/2	ETS	ETS/2_group2	1.63	3.209	9	29	10465	0	0	3-cyt	0
FOS	AP1/1	AP1	AP1/1_group1	2.68	5.034	7	8	5170	0	0	3-cyt	4
FOXA1	FOX/4	FOX	FOX/4_group5	4.272	1.922	36	9	5796	1	0	palmitate	5
FOXA2	FOX/4	FOX	FOX/4_group3	5.012	1.747	10	7	5796	0	0	IFNg	1
FOXA3	FOX/4	FOX	FOX/4_group2	2.445	3.458	9	3	5796	0	0	3-cyt	0
FOXJ2	FOX/5	FOX	FOX/5_group2	3.024	2.176	8	24	11950	0	0	dex	5
FOXJ3	FOX/5	FOX	FOX/5_group3	8.212	0.805	89	14	11950	1	0	palmitate	5
FOXK1	FOX/4	FOX	FOX/4_group1	7.054	2.187	5	0	5796	0	0	palmitate	5
FOXK1	FOX/5	FOX	FOX/5_group1	7.054	2.187	58	10	11950	0	0	Ex-4_HG	5
FOXK2	FOX/4	FOX	FOX/4_group1	7.435	1.946	8	0	5796	0	0	Ex-4_HG	3
FOXO1	FOX/4	FOX	FOX/4_group7	8.578	0.832	17	8	5796	0	0	3-cyt	1
FOXO1	FOX/5	FOX	FOX/5_group5	8.578	0.832	31	29	11950	0	0	palmitate	5
FOXO3	FOX/5	FOX	FOX/5_group6	7.939	1.265	62	38	11950	4	0	3-cyt	5
FOXO6	FOX/5	FOX	FOX/5_group1	2.986	3.72	36	10	11950	0	0	3-cyt	5
FOXP1	FOX/4	FOX	FOX/4_group4	6.15	1.676	28	14	5796	5	0	palmitate	5
FOXP2	FOX/4	FOX	FOX/4_group6	9.472	2.694	49	20	5796	2	0	palmitate	5
FOXP2	FOX/5	FOX	FOX/5_group4	9.472	2.694	67	53	11950	2	0	palmitate	5
GABPA	ETS/1	ETS	ETS/1_group2	4.621	2.253	27	34	17207	0	0	IFNg	5
GATA4	GATA	GATA	GATA_group1	5.275	1.326	31	0	2942	0	0	3-cyt	0
GATA6	GATA	GATA	GATA_group2	1.736	3.815	31	2	2942	0	0	3-cyt	0
GMEB1	GMEB2/2	GMEB2	GMEB2/2_group1	4.932	3.311	5	0	643	0	0	3-cyt	0
GMEB2	GMEB2/2	GMEB2	GMEB2/2_group2	3.932	1.861	3	0	643	0	0	3-cyt	0
HESX1	HD/2	HD	HD/2_group1	2.398	2.637	4	1	1714	0	0	3-cyt	0
HIC1	HIC/1	HIC	HIC/1_group1	1.088	2.728	87	0	11174	0	0	Ex-4_HG	4
HIC2	HIC/1	HIC	HIC/1_group2	3.708	1.93	90	0	11174	0	0	3-cyt	5
HLF	CCAAT/CEBP	CCAAT/CEBP	CCAAT/CEBP_group7	4.807	1.886	7	23	3283	0	0	3-cyt	0
HNF1A	HD/10	HD	HD/10_group1	4.646	2.142	12	0	3262	0	0	IFNg	5
HNF1B	HD/10	HD	HD/10_group2	3.652	2.094	23	1	3262	3	0	Ex-4_HG	5
HNF4A	NR/1	NR	NR/1_group3	7.429	2.149	72	14	7799	0	0	palmitate	5
HNF4G	NR/1	NR	NR/1_group1	6.562	2.249	33	15	7799	3	0	palmitate	5
ID2	Ebox/CACGTG/1	Ebox/CACGTG	Ebox/CACGTG/1_group2	4.474	6.143	13	15	15445	0	0	Ex-4_HG	5
IRF2	IRF/1	IRF	IRF/1_group1	5.86	1.945	6	12	4615	0	0	3-cyt	1
IRF3	IRF/1	IRF	IRF/1_group4	3.724	3.879	27	0	4615	0	0	3-cyt	0
IRF7	IRF/1	IRF	IRF/1_group3	1.004	4.152	7	6	4615	0	0	3-cyt	0
IRF9	IRF/1	IRF	IRF/1_group2	3.391	4.262	85	24	4615	13	0	3-cyt	2
ISL1	HD/2	HD	HD/2_group4	7.774	2.418	12	11	1714	0	0	Ex-4_HG	3
ISX	HD/2	HD	HD/2_group11	4.175	1.511	2	5	1714	0	0	3-cyt	0
JDP2	AP1/1	AP1	AP1/1_group5	1.251	1.969	31	14	5170	1	0	palmitate	5
JDP2	CREB/ATF/2	CREB/ATF	CREB/ATF/2_group2	1.251	1.969	13	21	2670	0	0	Ex-4_HG	5
JUN	AP1/1	AP1	AP1/1_group3	5.346	3.176	20	9	5170	0	0	Ex-4_HG	5
JUN	CREB/ATF/2	CREB/ATF	CREB/ATF/2_group4	5.346	3.176	21	6	2670	0	0	3-cyt	5
JUNB	AP1/1	AP1	AP1/1_group2	3.842	6.729	35	2	5170	0	0	Ex-4_HG	5
JUNB	CREB/ATF/1	CREB/ATF	CREB/ATF/1_group5	3.842	6.729	21	11	4442	0	0	IFNg	5
JUND	AP1/1	AP1	AP1/1_group6	4.459	1.492	29	24	5170	1	0	palmitate	5
JUND	CREB/ATF/2	CREB/ATF	CREB/ATF/2_group6	4.459	1.492	13	14	2670	0	0	3-cyt	5
KLF12	KLF/SP/1	KLF/SP	KLF/SP/1_group1	8.452	1.358	162	75	18584	0	0	palmitate	5
KLF12	KLF/SP/2	KLF/SP	KLF/SP/2_group5	8.452	1.358	90	70	13913	0	0	IFNg	5
KLF13	KLF/SP/1	KLF/SP	KLF/SP/1_group6	4.944	2.899	156	14	18584	67	0	palmitate	5
KLF15	GC-tract	GC-tract	GC-tract_group3	1.675	2.824	86	5	13198	4	0	IFNg	5
KLF16	KLF/SP/1	KLF/SP	KLF/SP/1_group4	1.669	3.18	55	31	18584	0	0	palmitate	5
KLF3	KLF/SP/2	KLF/SP	KLF/SP/2_group1	4.836	1.036	20	68	13913	0	0	Ex-4_HG	5
KLF5	KLF/SP/2	KLF/SP	KLF/SP/2_group3	4.555	2.921	82	24	13913	8	0	IFNg	5
KLF6	KLF/SP/2	KLF/SP	KLF/SP/2_group12	4.922	1.85	35	49	13913	3	0	Ex-4_HG	5
LHX4	HD/2	HD	HD/2_group3	2.923	3.815	2	2	1714	0	0	3-cyt	0
LMX1A	HD/2	HD	HD/2_group2	6.658	3.785	11	0	1714	0	0	palmitate	4
LMX1B	HD/2	HD	HD/2_group8	6.961	2.199	5	3	1714	0	0	3-cyt	0
MAF	MAF	MAF	MAF_group5	5.769	3.545	81	1	7121	7	0	3-cyt	5
MAFB	CREB/ATF/2	CREB/ATF	CREB/ATF/2_group5	6.691	2.748	25	0	2670	1	0	3-cyt	5
MAFB	MAF	MAF	MAF_group6	6.691	2.748	78	10	7121	0	0	Ex-4_HG	5
MAFF	MAF	MAF	MAF_group1	2.023	3.352	37	8	7121	0	0	3-cyt	5
MAFG	MAF	MAF	MAF_group3	5.264	1.21	10	12	7121	1	0	IFNg	5
MAFK	MAF	MAF	MAF_group2	2.189	2.609	16	29	7121	0	0	3-cyt	5
MAX	Ebox/CACGTG/1	Ebox/CACGTG	Ebox/CACGTG/1_group9	5.894	1.257	10	43	15445	3	0	Ex-4_HG	5
MAZ	GC-tract	GC-tract	GC-tract_group1	3.318	3.508	89	33	13198	0	0	Ex-4_HG	5
MBD2	MBD2	MBD2	MBD2_group1	6.265	0.917	109	0	15458	0	0	palmitate	5
MITF	Ebox/CACGTG/1	Ebox/CACGTG	Ebox/CACGTG/1_group3	3.356	2.959	6	41	15445	0	0	IFNg	5
MLX	Ebox/CACGTG/1	Ebox/CACGTG	Ebox/CACGTG/1_group8	3.473	1.466	17	45	15445	0	0	Ex-4_HG	5
MLXIP	Ebox/CACGTG/1	Ebox/CACGTG	Ebox/CACGTG/1_group11	5.492	1.854	0	11	15445	0	0		0
MLXIPL	Ebox/CACGTG/1	Ebox/CACGTG	Ebox/CACGTG/1_group11	7.746	4.503	35	11	15445	1	0	Ex-4_HG	5
MNT	Ebox/CACGTG/1	Ebox/CACGTG	Ebox/CACGTG/1_group13	3.486	1.941	2	1	15445	0	0	Ex-4_HG	5
MNX1	HD/2	HD	HD/2_group4	7.117	2.483	2	11	1714	0	0	3-cyt	0
NEUROD1	Ebox/CAGATGG	Ebox/CAGATGG	Ebox/CAGATGG_group1	6.041	2.558	67	0	7275	7	0	IFNg	5
NFE2L2	AP1/2	AP1	AP1/2_group2	6.312	1.029	141	0	12177	0	0	palmitate	5
NFIL3	CCAAT/CEBP	CCAAT/CEBP	CCAAT/CEBP_group2	2.629	2.499	12	12	3283	0	0	3-cyt	0
NFYA	NFY	NFY	NFY_group4	4.184	1.193	31	5	3702	2	0	3-cyt	5
NFYB	NFY	NFY	NFY_group1	3.601	2.355	5	11	3702	0	0	3-cyt	5
NFYC	NFY	NFY	NFY_group3	5.886	0.576	8	4	3702	0	0	IFNg	5
NKX6-1	HD/2	HD	HD/2_group4	6.099	2.206	0	11	1714	0	0		0
NPAS2	Ebox/CACGTG/1	Ebox/CACGTG	Ebox/CACGTG/1_group15	4.088	2.886	10	32	15445	0	0	Ex-4_HG	5
NR1H3	NR/1	NR	NR/1_group3	3.097	3.061	13	14	7799	0	0	3-cyt	4
NR1H4	NR/18	NR	NR/18_group1	2.736	4.364	34	0	4887	0	0	Ex-4_HG	4
NR2C2	NR/1	NR	NR/1_group6	7.233	0.594	17	12	7799	0	0	IFNg	5
NR2F1	NR/1	NR	NR/1_group2	1.283	3.051	13	27	7799	0	0	Ex-4_HG	4
NR2F1	NR/13	NR	NR/13_group3	1.283	3.051	49	55	9546	0	0	3-cyt	0
NR2F6	NR/1	NR	NR/1_group4	3.108	3.195	34	17	7799	0	0	palmitate	5
NR2F6	NR/13	NR	NR/13_group1	3.108	3.195	120	1	9546	0	0	3-cyt	0
NR3C1	NR/20	NR	NR/20_group3	9.309	2.115	80	0	7547	6	0	dex	1
NR3C2	NR/20	NR	NR/20_group2	6.625	1.601	85	0	7547	1	0	dex	1
NRF1	NRF1	NRF1	NRF1_group1	6.919	0.793	137	0	14838	0	0	IFNg	5
NRL	MAF	MAF	MAF_group4	3.417	1.612	33	20	7121	0	0	Ex-4_HG	5
PATZ1	KLF/SP/2	KLF/SP	KLF/SP/2_group10	3.979	2.145	18	39	13913	1	0	palmitate	5
PAX4	HD/2	HD	HD/2_group5	6.832	2.119	4	4	1714	0	0	3-cyt	0
PAX5	PAX/1	PAX	PAX/1_group1	1.273	2.86	28	15	5045	0	0	Ex-4_HG	1
PAX6	PAX/1	PAX	PAX/1_group2	8.771	2.298	43	0	5045	0	0	Ex-4_HG	4
PBX3	NFY	NFY	NFY_group2	9.644	1.438	47	0	3702	0	0	Ex-4_HG	5
PDX1	HD/2	HD	HD/2_group4	5.824	3.491	6	11	1714	0	0	3-cyt	0
POU2F1	POU/1	POU	POU/1_group3	7.205	0.68	18	2	3443	0	0	palmitate	5
POU2F2	POU/1	POU	POU/1_group1	3.546	4.129	20	0	3443	0	0	dex	4
POU3F1	POU/1	POU	POU/1_group2	1.258	2.849	12	14	3443	0	0	IFNg	1
POU3F1	POU/2	POU	POU/2_group1	1.258	2.849	29	0	3482	0	0	IFNg	1
POU6F1	HD/2	HD	HD/2_group9	3.454	3.046	4	2	1714	0	0	3-cyt	0
POU6F2	HD/2	HD	HD/2_group7	5.621	2.821	0	0	1714	0	0		0
PRDM1	PRDM1	PRDM1	PRDM1_group1	1.137	1.874	91	0	9278	0	0	IFNg	5
PRDM6	NFAC/2	NFAC	NFAC/2_group1	1.457	2.224	55	0	6287	0	0	3-cyt	0
RARA	NR/13	NR	NR/13_group2	2.639	2.412	18	23	9546	0	0	3-cyt	0
RARB	NR/13	NR	NR/13_group5	1.635	4.604	48	22	9546	0	0	3-cyt	0
REST	REST/NRSF	REST/NRSF	REST/NRSF_group1	3.195	2.001	80	0	9462	1	0	IFNg	5
RFX1	RFX/1	RFX	RFX/1_group1	5.079	2.67	129	47	14087	0	0	IFNg	5
RFX2	RFX/1	RFX	RFX/1_group1	7.101	2.974	130	47	14087	5	0	palmitate	5
RFX2	RFX/2	RFX	RFX/2_group3	7.101	2.974	77	2	9129	4	0	IFNg	5
RFX3	RFX/1	RFX	RFX/1_group3	9.314	2.188	154	15	14087	4	0	palmitate	5
RFX3	RFX/2	RFX	RFX/2_group1	9.314	2.188	48	2	9129	2	0	IFNg	5
RFX4	RFX/1	RFX	RFX/1_group4	1.753	3.536	93	41	14087	0	0	dex	5
RFX4	RFX/2	RFX	RFX/2_group2	1.753	3.536	94	12	9129	0	0	3-cyt	5
RFX5	RFX/1	RFX	RFX/1_group2	2.067	2.654	48	35	14087	6	0	dex	5
RFX5	RFX/3	RFX	RFX/3_group1	2.067	2.654	86	5	13916	1	0	palmitate	5
RFX6	RFX/3	RFX	RFX/3_group2	8.095	1.747	134	0	13916	0	0	Ex-4_HG	5
RORA	NR/13	NR	NR/13_group4	10.421	1.206	94	22	9546	1	0	Ex-4_HG	5
RREB1	KLF/SP/2	KLF/SP	KLF/SP/2_group13	7.962	1.005	65	27	13913	6	0	palmitate	5
RXRA	NR/1	NR	NR/1_group3	6.592	4.42	27	14	7799	0	0	Ex-4_HG	5
RXRA	NR/4	NR	NR/4_group1	6.592	4.42	15	0	1537	0	0	3-cyt	5
RXRB	NR/1	NR	NR/1_group5	4.181	1.555	12	8	7799	0	0	IFNg	5
SALL4	KLF/SP/2	KLF/SP	KLF/SP/2_group11	3.281	2.493	15	23	13913	0	0	IFNg	5
SCRT1	SCRT1	SCRT1	SCRT1_group1	1.603	3.685	73	0	6341	1	0	Ex-4_HG	1
SMAD2	SMAD	SMAD	SMAD_group1	7.819	1.108	57	21	13226	0	0	Ex-4_HG	5
SMAD2	ZNF335	ZNF335	ZNF335_group1	7.819	1.108	76	0	8047	0	0	3-cyt	0
SMAD3	SMAD	SMAD	SMAD_group2	4.256	2.615	34	18	13226	3	0	palmitate	5
SMAD4	SMAD	SMAD	SMAD_group1	6.073	1.488	91	21	13226	0	0	Ex-4_HG	5
SP1	KLF/SP/1	KLF/SP	KLF/SP/1_group5	4.963	1.997	241	20	18584	0	0	palmitate	5
SP1	KLF/SP/2	KLF/SP	KLF/SP/2_group8	4.963	1.997	180	23	13913	0	0	Ex-4_HG	5
SP2	KLF/SP/2	KLF/SP	KLF/SP/2_group9	3.552	2.446	19	25	13913	0	0	IFNg	5
SP3	KLF/SP/1	KLF/SP	KLF/SP/1_group2	6.996	0.864	17	36	18584	1	0	Ex-4_HG	5
SP3	KLF/SP/2	KLF/SP	KLF/SP/2_group6	6.996	0.864	4	22	13913	1	0	palmitate	5
SP4	KLF/SP/1	KLF/SP	KLF/SP/1_group3	5.611	1.021	17	35	18584	0	0	IFNg	5
SP4	KLF/SP/2	KLF/SP	KLF/SP/2_group2	5.611	1.021	4	27	13913	0	0	3-cyt	4
SREBF1	Ebox/CACGTG/1	Ebox/CACGTG	Ebox/CACGTG/1_group11	6.329	2.665	14	11	15445	0	0	3-cyt	5
SREBF2	Ebox/CACGTG/1	Ebox/CACGTG	Ebox/CACGTG/1_group11	8.299	1.925	46	11	15445	0	0	3-cyt	5
TAF1	GC-tract	GC-tract	GC-tract_group2	6.606	1.636	143	3	13198	0	0	palmitate	5
TEF	CCAAT/CEBP	CCAAT/CEBP	CCAAT/CEBP_group5	2.533	3.0	19	0	3283	0	0	3-cyt	0
TFE3	Ebox/CACGTG/1	Ebox/CACGTG	Ebox/CACGTG/1_group12	3.587	2.622	1	7	15445	0	0	Ex-4_HG	3
TFEB	Ebox/CACGTG/1	Ebox/CACGTG	Ebox/CACGTG/1_group7	4.984	4.259	106	2	15445	1	0	palmitate	5
THAP1	GC-tract	GC-tract	GC-tract_group5	1.958	2.568	21	53	13198	0	0	IFNg	5
USF1	Ebox/CACGTG/1	Ebox/CACGTG	Ebox/CACGTG/1_group10	3.487	2.693	65	31	15445	5	0	Ex-4_HG	5
USF2	Ebox/CACGTG/1	Ebox/CACGTG	Ebox/CACGTG/1_group11	4.834	3.411	19	11	15445	0	0	IFNg	5
VEZF1	KLF/SP/2	KLF/SP	KLF/SP/2_group4	5.274	1.068	3	25	13913	0	0	Ex-4_HG	5
XBP1	CREB/ATF/2	CREB/ATF	CREB/ATF/2_group7	5.208	1.363	13	11	2670	0	0	3-cyt	5
YY1	YY1	YY1	YY1_group1	5.851	1.309	87	0	7925	1	0	Ex-4_HG	5
YY2	YY1	YY1	YY1_group2	1.209	2.089	50	0	7925	0	0	Ex-4_HG	5
ZBTB33	KAISO	KAISO	KAISO_group1	2.102	1.605	106	0	10500	2	0	3-cyt	5
ZBTB7A	ETS/1	ETS	ETS/1_group11	5.657	4.113	292	98	17207	0	0	Ex-4_HG	5
ZEB1	SNAI2	SNAI2	SNAI2_group1	8.555	0.946	150	0	11889	0	0	3-cyt	0
ZFP28	ZNF28	ZNF28	ZNF28_group1	3.446	1.853	50	0	5639	0	0	3-cyt	1
ZNF143	ZNF143	ZNF143	ZNF143_group1	5.267	1.437	30	11	8292	0	0	3-cyt	3
ZNF263	GC-tract	GC-tract	GC-tract_group4	2.863	1.611	56	27	13198	0	0	3-cyt	5
ZNF740	ZIC/2	ZIC	ZIC/2_group1	3.355	1.547	75	0	11873	0	0	IFNg	3
ZNF76	ZNF143	ZNF143	ZNF143_group2	5.271	1.747	101	0	8292	0	0	IFNg	5
