frozen_archetype	motif_family	candidate_TF	annotation_source	membership_evidence	motif_compatibility_level	SCbeta_baseline_expression_logCPM	SCbeta_dynamic_range	max_abs_logFC	DE_in_any_condition	n_dynamic_conditions	usable_for_candidate_TF_assignment
AP1/1	AP1	ATF3	Vierstra_cluster_member (lib_archetype_map, Cluster_ID=54)	exact Vierstra archetype cluster member gene	archetype_cluster_member	2.141	4.379	2.425	True	12	True
AP1/1	AP1	BATF+JUN	Vierstra_cluster_member (lib_archetype_map, Cluster_ID=54)	exact Vierstra archetype cluster member gene	archetype_cluster_member				False	0	False
AP1/1	AP1	FOS	Vierstra_cluster_member (lib_archetype_map, Cluster_ID=54)	exact Vierstra archetype cluster member gene	archetype_cluster_member	2.68	5.034	3.296	True	19	True
AP1/1	AP1	FOS+JUN	Vierstra_cluster_member (lib_archetype_map, Cluster_ID=54)	exact Vierstra archetype cluster member gene	archetype_cluster_member				False	0	False
AP1/1	AP1	FOS+JUNB	Vierstra_cluster_member (lib_archetype_map, Cluster_ID=54)	exact Vierstra archetype cluster member gene	archetype_cluster_member				False	0	False
AP1/1	AP1	FOS+JUND	Vierstra_cluster_member (lib_archetype_map, Cluster_ID=54)	exact Vierstra archetype cluster member gene	archetype_cluster_member				False	0	False
AP1/1	AP1	FOSB	Vierstra_cluster_member (lib_archetype_map, Cluster_ID=54)	exact Vierstra archetype cluster member gene	archetype_cluster_member	0.834	1.894	1.134	True	1	False
AP1/1	AP1	FOSB+JUNB	Vierstra_cluster_member (lib_archetype_map, Cluster_ID=54)	exact Vierstra archetype cluster member gene	archetype_cluster_member				False	0	False
AP1/1	AP1	FOSL1	Vierstra_cluster_member (lib_archetype_map, Cluster_ID=54)	exact Vierstra archetype cluster member gene	archetype_cluster_member				False	0	False
AP1/1	AP1	FOSL1+JUN	Vierstra_cluster_member (lib_archetype_map, Cluster_ID=54)	exact Vierstra archetype cluster member gene	archetype_cluster_member				False	0	False
AP1/1	AP1	FOSL1+JUNB	Vierstra_cluster_member (lib_archetype_map, Cluster_ID=54)	exact Vierstra archetype cluster member gene	archetype_cluster_member				False	0	False
AP1/1	AP1	FOSL1+JUND	Vierstra_cluster_member (lib_archetype_map, Cluster_ID=54)	exact Vierstra archetype cluster member gene	archetype_cluster_member				False	0	False
AP1/1	AP1	FOSL2	Vierstra_cluster_member (lib_archetype_map, Cluster_ID=54)	exact Vierstra archetype cluster member gene	archetype_cluster_member				False	0	False
AP1/1	AP1	FOSL2+JUN	Vierstra_cluster_member (lib_archetype_map, Cluster_ID=54)	exact Vierstra archetype cluster member gene	archetype_cluster_member				False	0	False
AP1/1	AP1	FOSL2+JUNB	Vierstra_cluster_member (lib_archetype_map, Cluster_ID=54)	exact Vierstra archetype cluster member gene	archetype_cluster_member				False	0	False
AP1/1	AP1	FOSL2+JUND	Vierstra_cluster_member (lib_archetype_map, Cluster_ID=54)	exact Vierstra archetype cluster member gene	archetype_cluster_member				False	0	False
AP1/1	AP1	JDP2	Vierstra_cluster_member (lib_archetype_map, Cluster_ID=54)	exact Vierstra archetype cluster member gene	archetype_cluster_member	1.251	1.969	1.064	True	3	True
AP1/1	AP1	JUN	Vierstra_cluster_member (lib_archetype_map, Cluster_ID=54)	exact Vierstra archetype cluster member gene	archetype_cluster_member	5.346	3.176	2.029	True	8	True
AP1/1	AP1	JUN+JUNB	Vierstra_cluster_member (lib_archetype_map, Cluster_ID=54)	exact Vierstra archetype cluster member gene	archetype_cluster_member				False	0	False
AP1/1	AP1	JUNB	Vierstra_cluster_member (lib_archetype_map, Cluster_ID=54)	exact Vierstra archetype cluster member gene	archetype_cluster_member	3.842	6.729	3.888	True	17	True
AP1/1	AP1	JUND	Vierstra_cluster_member (lib_archetype_map, Cluster_ID=54)	exact Vierstra archetype cluster member gene	archetype_cluster_member	4.459	1.492	0.997	False	0	True
AP1/1	AP1	NF2L1	Vierstra_cluster_member (lib_archetype_map, Cluster_ID=54)	exact Vierstra archetype cluster member gene	archetype_cluster_member				False	0	False
AP1/1	AP1	NFE2	Vierstra_cluster_member (lib_archetype_map, Cluster_ID=54)	exact Vierstra archetype cluster member gene	archetype_cluster_member				False	0	False
AP1/2	AP1	BACH1	Vierstra_cluster_member (lib_archetype_map, Cluster_ID=53)	exact Vierstra archetype cluster member gene	archetype_cluster_member	6.652	1.531	1.16	True	1	True
AP1/2	AP1	BACH1+MAFK	Vierstra_cluster_member (lib_archetype_map, Cluster_ID=53)	exact Vierstra archetype cluster member gene	archetype_cluster_member				False	0	False
AP1/2	AP1	BACH2	Vierstra_cluster_member (lib_archetype_map, Cluster_ID=53)	exact Vierstra archetype cluster member gene	archetype_cluster_member	6.68	2.549	1.542	True	6	True
AP1/2	AP1	MAF+NFE2	Vierstra_cluster_member (lib_archetype_map, Cluster_ID=53)	exact Vierstra archetype cluster member gene	archetype_cluster_member				False	0	False
AP1/2	AP1	NF2L2	Vierstra_cluster_member (lib_archetype_map, Cluster_ID=53)	exact Vierstra archetype cluster member gene	archetype_cluster_member				False	0	False
AP1/2	AP1	NFE2	Vierstra_cluster_member (lib_archetype_map, Cluster_ID=53)	exact Vierstra archetype cluster member gene	archetype_cluster_member				False	0	False
AP1/2	AP1	NFE2L2	Vierstra_cluster_member (lib_archetype_map, Cluster_ID=53)	exact Vierstra archetype cluster member gene	archetype_cluster_member	6.312	1.029	0.837	False	0	True
BCL6/1	BCL6	BCL6B	Vierstra_cluster_member (lib_archetype_map, Cluster_ID=169)	exact Vierstra archetype cluster member gene	archetype_cluster_member				False	0	False
CCAAT/CEBP	CCAAT/CEBP	CEBPA	Vierstra_cluster_member (lib_archetype_map, Cluster_ID=52)	exact Vierstra archetype cluster member gene	archetype_cluster_member				False	0	False
CCAAT/CEBP	CCAAT/CEBP	CEBPB	Vierstra_cluster_member (lib_archetype_map, Cluster_ID=52)	exact Vierstra archetype cluster member gene	archetype_cluster_member	2.215	3.503	1.821	True	7	True
CCAAT/CEBP	CCAAT/CEBP	CEBPD	Vierstra_cluster_member (lib_archetype_map, Cluster_ID=52)	exact Vierstra archetype cluster member gene	archetype_cluster_member	1.38	3.596	2.558	True	8	True
CCAAT/CEBP	CCAAT/CEBP	CEBPE	Vierstra_cluster_member (lib_archetype_map, Cluster_ID=52)	exact Vierstra archetype cluster member gene	archetype_cluster_member				False	0	False
CCAAT/CEBP	CCAAT/CEBP	CEBPG	Vierstra_cluster_member (lib_archetype_map, Cluster_ID=52)	exact Vierstra archetype cluster member gene	archetype_cluster_member	3.456	2.102	1.357	True	5	True
CCAAT/CEBP	CCAAT/CEBP	DBP	Vierstra_cluster_member (lib_archetype_map, Cluster_ID=52)	exact Vierstra archetype cluster member gene	archetype_cluster_member	1.28	2.145	1.481	True	4	True
CCAAT/CEBP	CCAAT/CEBP	HLF	Vierstra_cluster_member (lib_archetype_map, Cluster_ID=52)	exact Vierstra archetype cluster member gene	archetype_cluster_member	4.807	1.886	1.356	True	1	True
CCAAT/CEBP	CCAAT/CEBP	NFIL3	Vierstra_cluster_member (lib_archetype_map, Cluster_ID=52)	exact Vierstra archetype cluster member gene	archetype_cluster_member	2.629	2.499	1.652	True	5	True
CCAAT/CEBP	CCAAT/CEBP	TEF	Vierstra_cluster_member (lib_archetype_map, Cluster_ID=52)	exact Vierstra archetype cluster member gene	archetype_cluster_member	2.533	3.0	1.764	True	8	True
CPEB1	CPEB1	CPEB1	Vierstra_cluster_member (lib_archetype_map, Cluster_ID=23)	exact Vierstra archetype cluster member gene	archetype_cluster_member	6.625	1.537	1.161	True	1	True
CPEB1	CPEB1	HXA13	Vierstra_cluster_member (lib_archetype_map, Cluster_ID=23)	exact Vierstra archetype cluster member gene	archetype_cluster_member				False	0	False
CREB/ATF/1	CREB/ATF	ATF1	Vierstra_cluster_member (lib_archetype_map, Cluster_ID=49)	exact Vierstra archetype cluster member gene	archetype_cluster_member	5.614	1.757	1.053	True	1	True
CREB/ATF/1	CREB/ATF	ATF2	Vierstra_cluster_member (lib_archetype_map, Cluster_ID=49)	exact Vierstra archetype cluster member gene	archetype_cluster_member	7.5	1.069	0.593	False	0	True
CREB/ATF/1	CREB/ATF	ATF3	Vierstra_cluster_member (lib_archetype_map, Cluster_ID=49)	exact Vierstra archetype cluster member gene	archetype_cluster_member	2.141	4.379	2.425	True	12	True
CREB/ATF/1	CREB/ATF	CREB1	Vierstra_cluster_member (lib_archetype_map, Cluster_ID=49)	exact Vierstra archetype cluster member gene	archetype_cluster_member	6.986	0.716	0.393	False	0	True
CREB/ATF/1	CREB/ATF	CREM	Vierstra_cluster_member (lib_archetype_map, Cluster_ID=49)	exact Vierstra archetype cluster member gene	archetype_cluster_member	5.233	1.766	1.287	True	1	True
CREB/ATF/1	CREB/ATF	FOS+JUN	Vierstra_cluster_member (lib_archetype_map, Cluster_ID=49)	exact Vierstra archetype cluster member gene	archetype_cluster_member				False	0	False
CREB/ATF/1	CREB/ATF	FOSB+JUN	Vierstra_cluster_member (lib_archetype_map, Cluster_ID=49)	exact Vierstra archetype cluster member gene	archetype_cluster_member				False	0	False
CREB/ATF/1	CREB/ATF	FOSB+JUNB	Vierstra_cluster_member (lib_archetype_map, Cluster_ID=49)	exact Vierstra archetype cluster member gene	archetype_cluster_member				False	0	False
CREB/ATF/1	CREB/ATF	FOSL1+JUN	Vierstra_cluster_member (lib_archetype_map, Cluster_ID=49)	exact Vierstra archetype cluster member gene	archetype_cluster_member				False	0	False
CREB/ATF/1	CREB/ATF	FOSL1+JUND	Vierstra_cluster_member (lib_archetype_map, Cluster_ID=49)	exact Vierstra archetype cluster member gene	archetype_cluster_member				False	0	False
CREB/ATF/1	CREB/ATF	FOSL2+JUN	Vierstra_cluster_member (lib_archetype_map, Cluster_ID=49)	exact Vierstra archetype cluster member gene	archetype_cluster_member				False	0	False
CREB/ATF/1	CREB/ATF	FOSL2+JUNB	Vierstra_cluster_member (lib_archetype_map, Cluster_ID=49)	exact Vierstra archetype cluster member gene	archetype_cluster_member				False	0	False
CREB/ATF/1	CREB/ATF	FOSL2+JUND	Vierstra_cluster_member (lib_archetype_map, Cluster_ID=49)	exact Vierstra archetype cluster member gene	archetype_cluster_member				False	0	False
CREB/ATF/1	CREB/ATF	JUN+JUNB	Vierstra_cluster_member (lib_archetype_map, Cluster_ID=49)	exact Vierstra archetype cluster member gene	archetype_cluster_member				False	0	False
CREB/ATF/1	CREB/ATF	JUNB	Vierstra_cluster_member (lib_archetype_map, Cluster_ID=49)	exact Vierstra archetype cluster member gene	archetype_cluster_member	3.842	6.729	3.888	True	17	True
CREB/ATF/2	CREB/ATF	ATF7	Vierstra_cluster_member (lib_archetype_map, Cluster_ID=50)	exact Vierstra archetype cluster member gene	archetype_cluster_member	2.882	1.819	1.09	True	1	True
CREB/ATF/2	CREB/ATF	BATF3	Vierstra_cluster_member (lib_archetype_map, Cluster_ID=50)	exact Vierstra archetype cluster member gene	archetype_cluster_member				False	0	False
CREB/ATF/2	CREB/ATF	CREB3	Vierstra_cluster_member (lib_archetype_map, Cluster_ID=50)	exact Vierstra archetype cluster member gene	archetype_cluster_member	2.115	2.155	1.22	True	4	True
CREB/ATF/2	CREB/ATF	CREB5	Vierstra_cluster_member (lib_archetype_map, Cluster_ID=50)	exact Vierstra archetype cluster member gene	archetype_cluster_member	4.926	4.216	2.678	True	11	True
CREB/ATF/2	CREB/ATF	JDP2	Vierstra_cluster_member (lib_archetype_map, Cluster_ID=50)	exact Vierstra archetype cluster member gene	archetype_cluster_member	1.251	1.969	1.064	True	3	True
CREB/ATF/2	CREB/ATF	JUN	Vierstra_cluster_member (lib_archetype_map, Cluster_ID=50)	exact Vierstra archetype cluster member gene	archetype_cluster_member	5.346	3.176	2.029	True	8	True
CREB/ATF/2	CREB/ATF	JUND	Vierstra_cluster_member (lib_archetype_map, Cluster_ID=50)	exact Vierstra archetype cluster member gene	archetype_cluster_member	4.459	1.492	0.997	False	0	True
CREB/ATF/2	CREB/ATF	MAFB	Vierstra_cluster_member (lib_archetype_map, Cluster_ID=50)	exact Vierstra archetype cluster member gene	archetype_cluster_member	6.691	2.748	1.671	True	3	True
CREB/ATF/2	CREB/ATF	XBP1	Vierstra_cluster_member (lib_archetype_map, Cluster_ID=50)	exact Vierstra archetype cluster member gene	archetype_cluster_member	5.208	1.363	0.724	False	0	True
CTCF	CTCF	CTCF	Vierstra_cluster_member (lib_archetype_map, Cluster_ID=265)	exact Vierstra archetype cluster member gene	archetype_cluster_member	6.38	2.281	1.241	True	2	True
CTCF	CTCF	CTCFL	Vierstra_cluster_member (lib_archetype_map, Cluster_ID=265)	exact Vierstra archetype cluster member gene	archetype_cluster_member				False	0	False
CUX/4	CUX	CUX2	Vierstra_cluster_member (lib_archetype_map, Cluster_ID=17)	exact Vierstra archetype cluster member gene	archetype_cluster_member	1.26	3.966	2.093	True	5	True
E2F/3	E2F	E2F7	Vierstra_cluster_member (lib_archetype_map, Cluster_ID=157)	exact Vierstra archetype cluster member gene	archetype_cluster_member				False	0	False
E2F/3	E2F	E2F8	Vierstra_cluster_member (lib_archetype_map, Cluster_ID=157)	exact Vierstra archetype cluster member gene	archetype_cluster_member				False	0	False
ETS/1	ETS	EHF	Vierstra_cluster_member (lib_archetype_map, Cluster_ID=98)	exact Vierstra archetype cluster member gene	archetype_cluster_member	0.541	1.861	1.622	True	5	False
ETS/1	ETS	ELF1	Vierstra_cluster_member (lib_archetype_map, Cluster_ID=98)	exact Vierstra archetype cluster member gene	archetype_cluster_member	7.88	1.875	1.645	True	2	True
ETS/1	ETS	ELF2	Vierstra_cluster_member (lib_archetype_map, Cluster_ID=98)	exact Vierstra archetype cluster member gene	archetype_cluster_member	7.669	0.813	0.438	False	0	True
ETS/1	ETS	ELF3	Vierstra_cluster_member (lib_archetype_map, Cluster_ID=98)	exact Vierstra archetype cluster member gene	archetype_cluster_member	3.676	2.872	1.649	True	5	True
ETS/1	ETS	ELF4	Vierstra_cluster_member (lib_archetype_map, Cluster_ID=98)	exact Vierstra archetype cluster member gene	archetype_cluster_member	3.604	2.292	1.197	True	6	True
ETS/1	ETS	ELF5	Vierstra_cluster_member (lib_archetype_map, Cluster_ID=98)	exact Vierstra archetype cluster member gene	archetype_cluster_member				False	0	False
ETS/1	ETS	ELK1	Vierstra_cluster_member (lib_archetype_map, Cluster_ID=98)	exact Vierstra archetype cluster member gene	archetype_cluster_member	2.281	1.8	0.916	False	0	True
ETS/1	ETS	ELK3	Vierstra_cluster_member (lib_archetype_map, Cluster_ID=98)	exact Vierstra archetype cluster member gene	archetype_cluster_member	3.03	3.738	2.659	True	13	True
ETS/1	ETS	ELK4	Vierstra_cluster_member (lib_archetype_map, Cluster_ID=98)	exact Vierstra archetype cluster member gene	archetype_cluster_member	4.683	1.327	0.841	False	0	True
ETS/1	ETS	ERF	Vierstra_cluster_member (lib_archetype_map, Cluster_ID=98)	exact Vierstra archetype cluster member gene	archetype_cluster_member	2.047	3.252	1.716	True	8	True
ETS/1	ETS	ERG	Vierstra_cluster_member (lib_archetype_map, Cluster_ID=98)	exact Vierstra archetype cluster member gene	archetype_cluster_member	0.72	4.452	2.518	True	11	False
ETS/1	ETS	ETS1	Vierstra_cluster_member (lib_archetype_map, Cluster_ID=98)	exact Vierstra archetype cluster member gene	archetype_cluster_member	2.94	3.177	1.984	True	6	True
ETS/1	ETS	ETV1	Vierstra_cluster_member (lib_archetype_map, Cluster_ID=98)	exact Vierstra archetype cluster member gene	archetype_cluster_member	7.815	1.81	1.403	True	2	True
ETS/1	ETS	ETV2	Vierstra_cluster_member (lib_archetype_map, Cluster_ID=98)	exact Vierstra archetype cluster member gene	archetype_cluster_member				False	0	False
ETS/1	ETS	ETV3	Vierstra_cluster_member (lib_archetype_map, Cluster_ID=98)	exact Vierstra archetype cluster member gene	archetype_cluster_member	3.02	1.862	1.027	True	1	True
ETS/1	ETS	ETV4	Vierstra_cluster_member (lib_archetype_map, Cluster_ID=98)	exact Vierstra archetype cluster member gene	archetype_cluster_member	4.027	3.733	2.724	True	16	True
ETS/1	ETS	ETV5	Vierstra_cluster_member (lib_archetype_map, Cluster_ID=98)	exact Vierstra archetype cluster member gene	archetype_cluster_member	4.128	1.534	0.771	False	0	True
ETS/1	ETS	ETV6	Vierstra_cluster_member (lib_archetype_map, Cluster_ID=98)	exact Vierstra archetype cluster member gene	archetype_cluster_member	7.865	2.148	1.93	True	1	True
ETS/1	ETS	FEV	Vierstra_cluster_member (lib_archetype_map, Cluster_ID=98)	exact Vierstra archetype cluster member gene	archetype_cluster_member	1.63	3.209	1.655	True	7	True
ETS/1	ETS	FLI1	Vierstra_cluster_member (lib_archetype_map, Cluster_ID=98)	exact Vierstra archetype cluster member gene	archetype_cluster_member				False	0	False
ETS/1	ETS	GABPA	Vierstra_cluster_member (lib_archetype_map, Cluster_ID=98)	exact Vierstra archetype cluster member gene	archetype_cluster_member	4.621	2.253	1.546	True	6	True
ETS/1	ETS	SPDEF	Vierstra_cluster_member (lib_archetype_map, Cluster_ID=98)	exact Vierstra archetype cluster member gene	archetype_cluster_member				False	0	False
ETS/1	ETS	ZBTB7A	Vierstra_cluster_member (lib_archetype_map, Cluster_ID=98)	exact Vierstra archetype cluster member gene	archetype_cluster_member	5.657	4.113	2.238	True	8	True
ETS/2	ETS	EHF	Vierstra_cluster_member (lib_archetype_map, Cluster_ID=96)	exact Vierstra archetype cluster member gene	archetype_cluster_member	0.541	1.861	1.622	True	5	False
ETS/2	ETS	ELF2	Vierstra_cluster_member (lib_archetype_map, Cluster_ID=96)	exact Vierstra archetype cluster member gene	archetype_cluster_member	7.669	0.813	0.438	False	0	True
ETS/2	ETS	ELF3	Vierstra_cluster_member (lib_archetype_map, Cluster_ID=96)	exact Vierstra archetype cluster member gene	archetype_cluster_member	3.676	2.872	1.649	True	5	True
ETS/2	ETS	ELF5	Vierstra_cluster_member (lib_archetype_map, Cluster_ID=96)	exact Vierstra archetype cluster member gene	archetype_cluster_member				False	0	False
ETS/2	ETS	ELK4	Vierstra_cluster_member (lib_archetype_map, Cluster_ID=96)	exact Vierstra archetype cluster member gene	archetype_cluster_member	4.683	1.327	0.841	False	0	True
ETS/2	ETS	ERG	Vierstra_cluster_member (lib_archetype_map, Cluster_ID=96)	exact Vierstra archetype cluster member gene	archetype_cluster_member	0.72	4.452	2.518	True	11	False
ETS/2	ETS	ETS1	Vierstra_cluster_member (lib_archetype_map, Cluster_ID=96)	exact Vierstra archetype cluster member gene	archetype_cluster_member	2.94	3.177	1.984	True	6	True
ETS/2	ETS	ETS2	Vierstra_cluster_member (lib_archetype_map, Cluster_ID=96)	exact Vierstra archetype cluster member gene	archetype_cluster_member	4.772	2.787	1.448	True	6	True
ETS/2	ETS	ETV2	Vierstra_cluster_member (lib_archetype_map, Cluster_ID=96)	exact Vierstra archetype cluster member gene	archetype_cluster_member				False	0	False
ETS/2	ETS	ETV4	Vierstra_cluster_member (lib_archetype_map, Cluster_ID=96)	exact Vierstra archetype cluster member gene	archetype_cluster_member	4.027	3.733	2.724	True	16	True
ETS/2	ETS	ETV5	Vierstra_cluster_member (lib_archetype_map, Cluster_ID=96)	exact Vierstra archetype cluster member gene	archetype_cluster_member	4.128	1.534	0.771	False	0	True
ETS/2	ETS	ETV6	Vierstra_cluster_member (lib_archetype_map, Cluster_ID=96)	exact Vierstra archetype cluster member gene	archetype_cluster_member	7.865	2.148	1.93	True	1	True
ETS/2	ETS	FEV	Vierstra_cluster_member (lib_archetype_map, Cluster_ID=96)	exact Vierstra archetype cluster member gene	archetype_cluster_member	1.63	3.209	1.655	True	7	True
ETS/2	ETS	FLI1	Vierstra_cluster_member (lib_archetype_map, Cluster_ID=96)	exact Vierstra archetype cluster member gene	archetype_cluster_member				False	0	False
Ebox/CACGTG/1	Ebox/CACGTG	ARNT	Vierstra_cluster_member (lib_archetype_map, Cluster_ID=58)	exact Vierstra archetype cluster member gene	archetype_cluster_member	6.661	0.714	0.385	False	0	True
Ebox/CACGTG/1	Ebox/CACGTG	ARNTL	Vierstra_cluster_member (lib_archetype_map, Cluster_ID=58)	exact Vierstra archetype cluster member gene	archetype_cluster_member				False	0	False
Ebox/CACGTG/1	Ebox/CACGTG	BHE40	Vierstra_cluster_member (lib_archetype_map, Cluster_ID=58)	exact Vierstra archetype cluster member gene	archetype_cluster_member				False	0	False
Ebox/CACGTG/1	Ebox/CACGTG	BHLHB2	Vierstra_cluster_member (lib_archetype_map, Cluster_ID=58)	exact Vierstra archetype cluster member gene	archetype_cluster_member				False	0	False
Ebox/CACGTG/1	Ebox/CACGTG	BHLHB3	Vierstra_cluster_member (lib_archetype_map, Cluster_ID=58)	exact Vierstra archetype cluster member gene	archetype_cluster_member				False	0	False
Ebox/CACGTG/1	Ebox/CACGTG	BHLHE40	Vierstra_cluster_member (lib_archetype_map, Cluster_ID=58)	exact Vierstra archetype cluster member gene	archetype_cluster_member	2.909	3.039	2.249	True	10	True
Ebox/CACGTG/1	Ebox/CACGTG	BHLHE41	Vierstra_cluster_member (lib_archetype_map, Cluster_ID=58)	exact Vierstra archetype cluster member gene	archetype_cluster_member	1.104	1.875	0.98	False	0	True
Ebox/CACGTG/1	Ebox/CACGTG	BMAL1	Vierstra_cluster_member (lib_archetype_map, Cluster_ID=58)	exact Vierstra archetype cluster member gene	archetype_cluster_member	4.824	1.355	0.93	False	0	True
Ebox/CACGTG/1	Ebox/CACGTG	CLOCK	Vierstra_cluster_member (lib_archetype_map, Cluster_ID=58)	exact Vierstra archetype cluster member gene	archetype_cluster_member	7.449	0.852	0.557	False	0	True
Ebox/CACGTG/1	Ebox/CACGTG	CREB3L1	Vierstra_cluster_member (lib_archetype_map, Cluster_ID=58)	exact Vierstra archetype cluster member gene	archetype_cluster_member	1.383	3.293	2.053	True	7	True
Ebox/CACGTG/1	Ebox/CACGTG	CREB3L2	Vierstra_cluster_member (lib_archetype_map, Cluster_ID=58)	exact Vierstra archetype cluster member gene	archetype_cluster_member	7.552	1.275	0.75	False	0	True
Ebox/CACGTG/1	Ebox/CACGTG	HES5	Vierstra_cluster_member (lib_archetype_map, Cluster_ID=58)	exact Vierstra archetype cluster member gene	archetype_cluster_member				False	0	False
Ebox/CACGTG/1	Ebox/CACGTG	HES7	Vierstra_cluster_member (lib_archetype_map, Cluster_ID=58)	exact Vierstra archetype cluster member gene	archetype_cluster_member				False	0	False
Ebox/CACGTG/1	Ebox/CACGTG	HEY1	Vierstra_cluster_member (lib_archetype_map, Cluster_ID=58)	exact Vierstra archetype cluster member gene	archetype_cluster_member				False	0	False
Ebox/CACGTG/1	Ebox/CACGTG	HEY2	Vierstra_cluster_member (lib_archetype_map, Cluster_ID=58)	exact Vierstra archetype cluster member gene	archetype_cluster_member	0.965	2.196	1.698	True	4	False
Ebox/CACGTG/1	Ebox/CACGTG	ID2	Vierstra_cluster_member (lib_archetype_map, Cluster_ID=58)	exact Vierstra archetype cluster member gene	archetype_cluster_member	4.474	6.143	3.306	True	17	True
Ebox/CACGTG/1	Ebox/CACGTG	MAX	Vierstra_cluster_member (lib_archetype_map, Cluster_ID=58)	exact Vierstra archetype cluster member gene	archetype_cluster_member	5.894	1.257	0.969	False	0	True
Ebox/CACGTG/1	Ebox/CACGTG	MITF	Vierstra_cluster_member (lib_archetype_map, Cluster_ID=58)	exact Vierstra archetype cluster member gene	archetype_cluster_member	3.356	2.959	1.977	True	11	True
Ebox/CACGTG/1	Ebox/CACGTG	MLX	Vierstra_cluster_member (lib_archetype_map, Cluster_ID=58)	exact Vierstra archetype cluster member gene	archetype_cluster_member	3.473	1.466	0.769	False	0	True
Ebox/CACGTG/1	Ebox/CACGTG	MLXIP	Vierstra_cluster_member (lib_archetype_map, Cluster_ID=58)	exact Vierstra archetype cluster member gene	archetype_cluster_member	5.492	1.854	1.08	True	4	True
Ebox/CACGTG/1	Ebox/CACGTG	MLXIPL	Vierstra_cluster_member (lib_archetype_map, Cluster_ID=58)	exact Vierstra archetype cluster member gene	archetype_cluster_member	7.746	4.503	2.459	True	10	True
Ebox/CACGTG/1	Ebox/CACGTG	MNT	Vierstra_cluster_member (lib_archetype_map, Cluster_ID=58)	exact Vierstra archetype cluster member gene	archetype_cluster_member	3.486	1.941	1.233	True	1	True
Ebox/CACGTG/1	Ebox/CACGTG	NPAS2	Vierstra_cluster_member (lib_archetype_map, Cluster_ID=58)	exact Vierstra archetype cluster member gene	archetype_cluster_member	4.088	2.886	2.03	True	5	True
Ebox/CACGTG/1	Ebox/CACGTG	SREBF1	Vierstra_cluster_member (lib_archetype_map, Cluster_ID=58)	exact Vierstra archetype cluster member gene	archetype_cluster_member	6.329	2.665	1.418	True	5	True
Ebox/CACGTG/1	Ebox/CACGTG	SREBF2	Vierstra_cluster_member (lib_archetype_map, Cluster_ID=58)	exact Vierstra archetype cluster member gene	archetype_cluster_member	8.299	1.925	1.115	True	3	True
Ebox/CACGTG/1	Ebox/CACGTG	TFE3	Vierstra_cluster_member (lib_archetype_map, Cluster_ID=58)	exact Vierstra archetype cluster member gene	archetype_cluster_member	3.587	2.622	1.504	True	5	True
Ebox/CACGTG/1	Ebox/CACGTG	TFEB	Vierstra_cluster_member (lib_archetype_map, Cluster_ID=58)	exact Vierstra archetype cluster member gene	archetype_cluster_member	4.984	4.259	2.968	True	13	True
Ebox/CACGTG/1	Ebox/CACGTG	TFEC	Vierstra_cluster_member (lib_archetype_map, Cluster_ID=58)	exact Vierstra archetype cluster member gene	archetype_cluster_member				False	0	False
Ebox/CACGTG/1	Ebox/CACGTG	USF1	Vierstra_cluster_member (lib_archetype_map, Cluster_ID=58)	exact Vierstra archetype cluster member gene	archetype_cluster_member	3.487	2.693	1.69	True	5	True
Ebox/CACGTG/1	Ebox/CACGTG	USF2	Vierstra_cluster_member (lib_archetype_map, Cluster_ID=58)	exact Vierstra archetype cluster member gene	archetype_cluster_member	4.834	3.411	1.881	True	11	True
Ebox/CAGATGG	Ebox/CAGATGG	ATOH1	Vierstra_cluster_member (lib_archetype_map, Cluster_ID=63)	exact Vierstra archetype cluster member gene	archetype_cluster_member				False	0	False
Ebox/CAGATGG	Ebox/CAGATGG	LYL1	Vierstra_cluster_member (lib_archetype_map, Cluster_ID=63)	exact Vierstra archetype cluster member gene	archetype_cluster_member				False	0	False
Ebox/CAGATGG	Ebox/CAGATGG	MSGN1	Vierstra_cluster_member (lib_archetype_map, Cluster_ID=63)	exact Vierstra archetype cluster member gene	archetype_cluster_member				False	0	False
Ebox/CAGATGG	Ebox/CAGATGG	NDF1	Vierstra_cluster_member (lib_archetype_map, Cluster_ID=63)	exact Vierstra archetype cluster member gene	archetype_cluster_member				False	0	False
Ebox/CAGATGG	Ebox/CAGATGG	NDF2	Vierstra_cluster_member (lib_archetype_map, Cluster_ID=63)	exact Vierstra archetype cluster member gene	archetype_cluster_member				False	0	False
Ebox/CAGATGG	Ebox/CAGATGG	NEUROD1	Vierstra_cluster_member (lib_archetype_map, Cluster_ID=63)	exact Vierstra archetype cluster member gene	archetype_cluster_member	6.041	2.558	1.305	True	2	True
Ebox/CAGATGG	Ebox/CAGATGG	NGN2	Vierstra_cluster_member (lib_archetype_map, Cluster_ID=63)	exact Vierstra archetype cluster member gene	archetype_cluster_member				False	0	False
Ebox/CAGATGG	Ebox/CAGATGG	OLIG2	Vierstra_cluster_member (lib_archetype_map, Cluster_ID=63)	exact Vierstra archetype cluster member gene	archetype_cluster_member				False	0	False
Ebox/CAGATGG	Ebox/CAGATGG	PTF1A	Vierstra_cluster_member (lib_archetype_map, Cluster_ID=63)	exact Vierstra archetype cluster member gene	archetype_cluster_member				False	0	False
Ebox/CAGATGG	Ebox/CAGATGG	TAL1+TCF3	Vierstra_cluster_member (lib_archetype_map, Cluster_ID=63)	exact Vierstra archetype cluster member gene	archetype_cluster_member				False	0	False
Ebox/CAGATGG	Ebox/CAGATGG	TWST1	Vierstra_cluster_member (lib_archetype_map, Cluster_ID=63)	exact Vierstra archetype cluster member gene	archetype_cluster_member				False	0	False
Ebox/CATATG	Ebox/CATATG	ATOH1	Vierstra_cluster_member (lib_archetype_map, Cluster_ID=62)	exact Vierstra archetype cluster member gene	archetype_cluster_member				False	0	False
Ebox/CATATG	Ebox/CATATG	BHLHA15	Vierstra_cluster_member (lib_archetype_map, Cluster_ID=62)	exact Vierstra archetype cluster member gene	archetype_cluster_member				False	0	False
Ebox/CATATG	Ebox/CATATG	BHLHE22	Vierstra_cluster_member (lib_archetype_map, Cluster_ID=62)	exact Vierstra archetype cluster member gene	archetype_cluster_member				False	0	False
Ebox/CATATG	Ebox/CATATG	BHLHE23	Vierstra_cluster_member (lib_archetype_map, Cluster_ID=62)	exact Vierstra archetype cluster member gene	archetype_cluster_member				False	0	False
Ebox/CATATG	Ebox/CATATG	NEUROD2	Vierstra_cluster_member (lib_archetype_map, Cluster_ID=62)	exact Vierstra archetype cluster member gene	archetype_cluster_member	0.56	3.683	2.229	True	14	False
Ebox/CATATG	Ebox/CATATG	NEUROG1	Vierstra_cluster_member (lib_archetype_map, Cluster_ID=62)	exact Vierstra archetype cluster member gene	archetype_cluster_member				False	0	False
Ebox/CATATG	Ebox/CATATG	NEUROG2	Vierstra_cluster_member (lib_archetype_map, Cluster_ID=62)	exact Vierstra archetype cluster member gene	archetype_cluster_member				False	0	False
Ebox/CATATG	Ebox/CATATG	OLIG1	Vierstra_cluster_member (lib_archetype_map, Cluster_ID=62)	exact Vierstra archetype cluster member gene	archetype_cluster_member				False	0	False
Ebox/CATATG	Ebox/CATATG	OLIG2	Vierstra_cluster_member (lib_archetype_map, Cluster_ID=62)	exact Vierstra archetype cluster member gene	archetype_cluster_member				False	0	False
Ebox/CATATG	Ebox/CATATG	OLIG3	Vierstra_cluster_member (lib_archetype_map, Cluster_ID=62)	exact Vierstra archetype cluster member gene	archetype_cluster_member				False	0	False
Ebox/CATATG	Ebox/CATATG	TWIST2	Vierstra_cluster_member (lib_archetype_map, Cluster_ID=62)	exact Vierstra archetype cluster member gene	archetype_cluster_member				False	0	False
FOX/4	FOX	ANDR	Vierstra_cluster_member (lib_archetype_map, Cluster_ID=79)	exact Vierstra archetype cluster member gene	archetype_cluster_member				False	0	False
FOX/4	FOX	FOXA1	Vierstra_cluster_member (lib_archetype_map, Cluster_ID=79)	exact Vierstra archetype cluster member gene	archetype_cluster_member	4.272	1.922	0.967	False	0	True
FOX/4	FOX	FOXA2	Vierstra_cluster_member (lib_archetype_map, Cluster_ID=79)	exact Vierstra archetype cluster member gene	archetype_cluster_member	5.012	1.747	1.102	True	1	True
FOX/4	FOX	FOXA3	Vierstra_cluster_member (lib_archetype_map, Cluster_ID=79)	exact Vierstra archetype cluster member gene	archetype_cluster_member	2.445	3.458	2.171	True	9	True
FOX/4	FOX	FOXB1	Vierstra_cluster_member (lib_archetype_map, Cluster_ID=79)	exact Vierstra archetype cluster member gene	archetype_cluster_member				False	0	False
FOX/4	FOX	FOXC1	Vierstra_cluster_member (lib_archetype_map, Cluster_ID=79)	exact Vierstra archetype cluster member gene	archetype_cluster_member				False	0	False
FOX/4	FOX	FOXC2	Vierstra_cluster_member (lib_archetype_map, Cluster_ID=79)	exact Vierstra archetype cluster member gene	archetype_cluster_member				False	0	False
FOX/4	FOX	FOXD3	Vierstra_cluster_member (lib_archetype_map, Cluster_ID=79)	exact Vierstra archetype cluster member gene	archetype_cluster_member				False	0	False
FOX/4	FOX	FOXK1	Vierstra_cluster_member (lib_archetype_map, Cluster_ID=79)	exact Vierstra archetype cluster member gene	archetype_cluster_member	7.054	2.187	1.382	True	1	True
FOX/4	FOX	FOXK2	Vierstra_cluster_member (lib_archetype_map, Cluster_ID=79)	exact Vierstra archetype cluster member gene	archetype_cluster_member	7.435	1.946	0.982	False	0	True
FOX/4	FOX	FOXM1	Vierstra_cluster_member (lib_archetype_map, Cluster_ID=79)	exact Vierstra archetype cluster member gene	archetype_cluster_member				False	0	False
FOX/4	FOX	FOXO1	Vierstra_cluster_member (lib_archetype_map, Cluster_ID=79)	exact Vierstra archetype cluster member gene	archetype_cluster_member	8.578	0.832	0.478	False	0	True
FOX/4	FOX	FOXP1	Vierstra_cluster_member (lib_archetype_map, Cluster_ID=79)	exact Vierstra archetype cluster member gene	archetype_cluster_member	6.15	1.676	1.085	True	1	True
FOX/4	FOX	FOXP2	Vierstra_cluster_member (lib_archetype_map, Cluster_ID=79)	exact Vierstra archetype cluster member gene	archetype_cluster_member	9.472	2.694	1.572	True	4	True
FOX/5	FOX	FOXC1	Vierstra_cluster_member (lib_archetype_map, Cluster_ID=80)	exact Vierstra archetype cluster member gene	archetype_cluster_member				False	0	False
FOX/5	FOX	FOXC2	Vierstra_cluster_member (lib_archetype_map, Cluster_ID=80)	exact Vierstra archetype cluster member gene	archetype_cluster_member				False	0	False
FOX/5	FOX	FOXD1	Vierstra_cluster_member (lib_archetype_map, Cluster_ID=80)	exact Vierstra archetype cluster member gene	archetype_cluster_member				False	0	False
FOX/5	FOX	FOXD2	Vierstra_cluster_member (lib_archetype_map, Cluster_ID=80)	exact Vierstra archetype cluster member gene	archetype_cluster_member				False	0	False
FOX/5	FOX	FOXD3	Vierstra_cluster_member (lib_archetype_map, Cluster_ID=80)	exact Vierstra archetype cluster member gene	archetype_cluster_member				False	0	False
FOX/5	FOX	FOXF2	Vierstra_cluster_member (lib_archetype_map, Cluster_ID=80)	exact Vierstra archetype cluster member gene	archetype_cluster_member				False	0	False
FOX/5	FOX	FOXG1	Vierstra_cluster_member (lib_archetype_map, Cluster_ID=80)	exact Vierstra archetype cluster member gene	archetype_cluster_member				False	0	False
FOX/5	FOX	FOXI1	Vierstra_cluster_member (lib_archetype_map, Cluster_ID=80)	exact Vierstra archetype cluster member gene	archetype_cluster_member				False	0	False
FOX/5	FOX	FOXJ2	Vierstra_cluster_member (lib_archetype_map, Cluster_ID=80)	exact Vierstra archetype cluster member gene	archetype_cluster_member	3.024	2.176	1.277	True	1	True
FOX/5	FOX	FOXJ3	Vierstra_cluster_member (lib_archetype_map, Cluster_ID=80)	exact Vierstra archetype cluster member gene	archetype_cluster_member	8.212	0.805	0.433	False	0	True
FOX/5	FOX	FOXK1	Vierstra_cluster_member (lib_archetype_map, Cluster_ID=80)	exact Vierstra archetype cluster member gene	archetype_cluster_member	7.054	2.187	1.382	True	1	True
FOX/5	FOX	FOXL1	Vierstra_cluster_member (lib_archetype_map, Cluster_ID=80)	exact Vierstra archetype cluster member gene	archetype_cluster_member				False	0	False
FOX/5	FOX	FOXL2	Vierstra_cluster_member (lib_archetype_map, Cluster_ID=80)	exact Vierstra archetype cluster member gene	archetype_cluster_member				False	0	False
FOX/5	FOX	FOXO1	Vierstra_cluster_member (lib_archetype_map, Cluster_ID=80)	exact Vierstra archetype cluster member gene	archetype_cluster_member	8.578	0.832	0.478	False	0	True
FOX/5	FOX	FOXO3	Vierstra_cluster_member (lib_archetype_map, Cluster_ID=80)	exact Vierstra archetype cluster member gene	archetype_cluster_member	7.939	1.265	0.656	False	0	True
FOX/5	FOX	FOXO4	Vierstra_cluster_member (lib_archetype_map, Cluster_ID=80)	exact Vierstra archetype cluster member gene	archetype_cluster_member				False	0	False
FOX/5	FOX	FOXO6	Vierstra_cluster_member (lib_archetype_map, Cluster_ID=80)	exact Vierstra archetype cluster member gene	archetype_cluster_member	2.986	3.72	2.089	True	8	True
FOX/5	FOX	FOXP2	Vierstra_cluster_member (lib_archetype_map, Cluster_ID=80)	exact Vierstra archetype cluster member gene	archetype_cluster_member	9.472	2.694	1.572	True	4	True
FOX/5	FOX	FOXP3	Vierstra_cluster_member (lib_archetype_map, Cluster_ID=80)	exact Vierstra archetype cluster member gene	archetype_cluster_member	0.598	2.264	1.389	True	2	False
FOX/5	FOX	FOXQ1	Vierstra_cluster_member (lib_archetype_map, Cluster_ID=80)	exact Vierstra archetype cluster member gene	archetype_cluster_member				False	0	False
FOX/6	FOX	FOXB1	Vierstra_cluster_member (lib_archetype_map, Cluster_ID=87)	exact Vierstra archetype cluster member gene	archetype_cluster_member				False	0	False
FOX/6	FOX	FOXC1	Vierstra_cluster_member (lib_archetype_map, Cluster_ID=87)	exact Vierstra archetype cluster member gene	archetype_cluster_member				False	0	False
FOX/6	FOX	FOXC2	Vierstra_cluster_member (lib_archetype_map, Cluster_ID=87)	exact Vierstra archetype cluster member gene	archetype_cluster_member				False	0	False
FOX/6	FOX	FOXD2	Vierstra_cluster_member (lib_archetype_map, Cluster_ID=87)	exact Vierstra archetype cluster member gene	archetype_cluster_member				False	0	False
FOX/6	FOX	FOXD3	Vierstra_cluster_member (lib_archetype_map, Cluster_ID=87)	exact Vierstra archetype cluster member gene	archetype_cluster_member				False	0	False
GATA	GATA	GATA1	Vierstra_cluster_member (lib_archetype_map, Cluster_ID=242)	exact Vierstra archetype cluster member gene	archetype_cluster_member				False	0	False
GATA	GATA	GATA1+TAL1	Vierstra_cluster_member (lib_archetype_map, Cluster_ID=242)	exact Vierstra archetype cluster member gene	archetype_cluster_member				False	0	False
GATA	GATA	GATA2	Vierstra_cluster_member (lib_archetype_map, Cluster_ID=242)	exact Vierstra archetype cluster member gene	archetype_cluster_member				False	0	False
GATA	GATA	GATA3	Vierstra_cluster_member (lib_archetype_map, Cluster_ID=242)	exact Vierstra archetype cluster member gene	archetype_cluster_member				False	0	False
GATA	GATA	GATA4	Vierstra_cluster_member (lib_archetype_map, Cluster_ID=242)	exact Vierstra archetype cluster member gene	archetype_cluster_member	5.275	1.326	0.683	False	0	True
GATA	GATA	GATA5	Vierstra_cluster_member (lib_archetype_map, Cluster_ID=242)	exact Vierstra archetype cluster member gene	archetype_cluster_member				False	0	False
GATA	GATA	GATA6	Vierstra_cluster_member (lib_archetype_map, Cluster_ID=242)	exact Vierstra archetype cluster member gene	archetype_cluster_member	1.736	3.815	2.329	True	8	True
GATA	GATA	TAL1	Vierstra_cluster_member (lib_archetype_map, Cluster_ID=242)	exact Vierstra archetype cluster member gene	archetype_cluster_member				False	0	False
GC-tract	GC-tract	KLF15	Vierstra_cluster_member (lib_archetype_map, Cluster_ID=113)	exact Vierstra archetype cluster member gene	archetype_cluster_member	1.675	2.824	2.286	True	8	True
GC-tract	GC-tract	MAZ	Vierstra_cluster_member (lib_archetype_map, Cluster_ID=113)	exact Vierstra archetype cluster member gene	archetype_cluster_member	3.318	3.508	2.019	True	10	True
GC-tract	GC-tract	TAF1	Vierstra_cluster_member (lib_archetype_map, Cluster_ID=113)	exact Vierstra archetype cluster member gene	archetype_cluster_member	6.606	1.636	0.842	False	0	True
GC-tract	GC-tract	THAP1	Vierstra_cluster_member (lib_archetype_map, Cluster_ID=113)	exact Vierstra archetype cluster member gene	archetype_cluster_member	1.958	2.568	1.407	True	4	True
GC-tract	GC-tract	ZN263	Vierstra_cluster_member (lib_archetype_map, Cluster_ID=113)	exact Vierstra archetype cluster member gene	archetype_cluster_member				False	0	False
GC-tract	GC-tract	ZN341	Vierstra_cluster_member (lib_archetype_map, Cluster_ID=113)	exact Vierstra archetype cluster member gene	archetype_cluster_member				False	0	False
GC-tract	GC-tract	ZN467	Vierstra_cluster_member (lib_archetype_map, Cluster_ID=113)	exact Vierstra archetype cluster member gene	archetype_cluster_member				False	0	False
GC-tract	GC-tract	ZN770	Vierstra_cluster_member (lib_archetype_map, Cluster_ID=113)	exact Vierstra archetype cluster member gene	archetype_cluster_member				False	0	False
GC-tract	GC-tract	ZNF263	Vierstra_cluster_member (lib_archetype_map, Cluster_ID=113)	exact Vierstra archetype cluster member gene	archetype_cluster_member	2.863	1.611	0.838	False	0	True
GC-tract	GC-tract	ZSC22	Vierstra_cluster_member (lib_archetype_map, Cluster_ID=113)	exact Vierstra archetype cluster member gene	archetype_cluster_member				False	0	False
GFI	GFI	GFI1	Vierstra_cluster_member (lib_archetype_map, Cluster_ID=181)	exact Vierstra archetype cluster member gene	archetype_cluster_member				False	0	False
GFI	GFI	GFI1B	Vierstra_cluster_member (lib_archetype_map, Cluster_ID=181)	exact Vierstra archetype cluster member gene	archetype_cluster_member				False	0	False
GMEB2/2	GMEB2	GMEB1	Vierstra_cluster_member (lib_archetype_map, Cluster_ID=277)	exact Vierstra archetype cluster member gene	archetype_cluster_member	4.932	3.311	1.695	True	8	True
GMEB2/2	GMEB2	GMEB2	Vierstra_cluster_member (lib_archetype_map, Cluster_ID=277)	exact Vierstra archetype cluster member gene	archetype_cluster_member	3.932	1.861	1.026	True	1	True
HAND1	HAND1	HAND1	Vierstra_cluster_member (lib_archetype_map, Cluster_ID=148)	exact Vierstra archetype cluster member gene	archetype_cluster_member				False	0	False
HAND1	HAND1	HAND1+TCF3	Vierstra_cluster_member (lib_archetype_map, Cluster_ID=148)	exact Vierstra archetype cluster member gene	archetype_cluster_member				False	0	False
HD/10	HD	HNF1A	Vierstra_cluster_member (lib_archetype_map, Cluster_ID=10)	exact Vierstra archetype cluster member gene	archetype_cluster_member	4.646	2.142	1.449	True	4	True
HD/10	HD	HNF1B	Vierstra_cluster_member (lib_archetype_map, Cluster_ID=10)	exact Vierstra archetype cluster member gene	archetype_cluster_member	3.652	2.094	1.325	True	2	True
HD/11	HD	MEOX2	Vierstra_cluster_member (lib_archetype_map, Cluster_ID=11)	exact Vierstra archetype cluster member gene	archetype_cluster_member				False	0	False
HD/18	HD	ARID3A	Vierstra_cluster_member (lib_archetype_map, Cluster_ID=24)	exact Vierstra archetype cluster member gene	archetype_cluster_member	7.711	3.715	1.943	True	10	True
HD/18	HD	CDX1	Vierstra_cluster_member (lib_archetype_map, Cluster_ID=24)	exact Vierstra archetype cluster member gene	archetype_cluster_member				False	0	False
HD/18	HD	CDX2	Vierstra_cluster_member (lib_archetype_map, Cluster_ID=24)	exact Vierstra archetype cluster member gene	archetype_cluster_member				False	0	False
HD/18	HD	HOXA10	Vierstra_cluster_member (lib_archetype_map, Cluster_ID=24)	exact Vierstra archetype cluster member gene	archetype_cluster_member				False	0	False
HD/18	HD	HOXA11	Vierstra_cluster_member (lib_archetype_map, Cluster_ID=24)	exact Vierstra archetype cluster member gene	archetype_cluster_member				False	0	False
HD/18	HD	HOXA13	Vierstra_cluster_member (lib_archetype_map, Cluster_ID=24)	exact Vierstra archetype cluster member gene	archetype_cluster_member				False	0	False
HD/18	HD	HOXB13	Vierstra_cluster_member (lib_archetype_map, Cluster_ID=24)	exact Vierstra archetype cluster member gene	archetype_cluster_member				False	0	False
HD/18	HD	HOXC10	Vierstra_cluster_member (lib_archetype_map, Cluster_ID=24)	exact Vierstra archetype cluster member gene	archetype_cluster_member				False	0	False
HD/18	HD	HOXC11	Vierstra_cluster_member (lib_archetype_map, Cluster_ID=24)	exact Vierstra archetype cluster member gene	archetype_cluster_member				False	0	False
HD/18	HD	HOXC12	Vierstra_cluster_member (lib_archetype_map, Cluster_ID=24)	exact Vierstra archetype cluster member gene	archetype_cluster_member				False	0	False
HD/18	HD	HOXC13	Vierstra_cluster_member (lib_archetype_map, Cluster_ID=24)	exact Vierstra archetype cluster member gene	archetype_cluster_member				False	0	False
HD/18	HD	HOXD11	Vierstra_cluster_member (lib_archetype_map, Cluster_ID=24)	exact Vierstra archetype cluster member gene	archetype_cluster_member				False	0	False
HD/18	HD	HOXD12	Vierstra_cluster_member (lib_archetype_map, Cluster_ID=24)	exact Vierstra archetype cluster member gene	archetype_cluster_member				False	0	False
HD/18	HD	HOXD13	Vierstra_cluster_member (lib_archetype_map, Cluster_ID=24)	exact Vierstra archetype cluster member gene	archetype_cluster_member				False	0	False
HD/18	HD	HOXD9	Vierstra_cluster_member (lib_archetype_map, Cluster_ID=24)	exact Vierstra archetype cluster member gene	archetype_cluster_member				False	0	False
HD/18	HD	HXB13	Vierstra_cluster_member (lib_archetype_map, Cluster_ID=24)	exact Vierstra archetype cluster member gene	archetype_cluster_member				False	0	False
HD/18	HD	HXC9	Vierstra_cluster_member (lib_archetype_map, Cluster_ID=24)	exact Vierstra archetype cluster member gene	archetype_cluster_member				False	0	False
HD/2	HD	ALX1	Vierstra_cluster_member (lib_archetype_map, Cluster_ID=2)	exact Vierstra archetype cluster member gene	archetype_cluster_member				False	0	False
HD/2	HD	ALX3	Vierstra_cluster_member (lib_archetype_map, Cluster_ID=2)	exact Vierstra archetype cluster member gene	archetype_cluster_member				False	0	False
HD/2	HD	ALX4	Vierstra_cluster_member (lib_archetype_map, Cluster_ID=2)	exact Vierstra archetype cluster member gene	archetype_cluster_member				False	0	False
HD/2	HD	ARID3B	Vierstra_cluster_member (lib_archetype_map, Cluster_ID=2)	exact Vierstra archetype cluster member gene	archetype_cluster_member	5.607	1.17	0.728	False	0	True
HD/2	HD	ARX	Vierstra_cluster_member (lib_archetype_map, Cluster_ID=2)	exact Vierstra archetype cluster member gene	archetype_cluster_member	1.971	7.813	5.034	True	25	True
HD/2	HD	BARX1	Vierstra_cluster_member (lib_archetype_map, Cluster_ID=2)	exact Vierstra archetype cluster member gene	archetype_cluster_member				False	0	False
HD/2	HD	BSX	Vierstra_cluster_member (lib_archetype_map, Cluster_ID=2)	exact Vierstra archetype cluster member gene	archetype_cluster_member				False	0	False
HD/2	HD	DLX1	Vierstra_cluster_member (lib_archetype_map, Cluster_ID=2)	exact Vierstra archetype cluster member gene	archetype_cluster_member				False	0	False
HD/2	HD	DLX2	Vierstra_cluster_member (lib_archetype_map, Cluster_ID=2)	exact Vierstra archetype cluster member gene	archetype_cluster_member				False	0	False
HD/2	HD	DLX3	Vierstra_cluster_member (lib_archetype_map, Cluster_ID=2)	exact Vierstra archetype cluster member gene	archetype_cluster_member				False	0	False
HD/2	HD	DLX4	Vierstra_cluster_member (lib_archetype_map, Cluster_ID=2)	exact Vierstra archetype cluster member gene	archetype_cluster_member				False	0	False
HD/2	HD	DLX5	Vierstra_cluster_member (lib_archetype_map, Cluster_ID=2)	exact Vierstra archetype cluster member gene	archetype_cluster_member				False	0	False
HD/2	HD	DLX6	Vierstra_cluster_member (lib_archetype_map, Cluster_ID=2)	exact Vierstra archetype cluster member gene	archetype_cluster_member				False	0	False
HD/2	HD	EMX1	Vierstra_cluster_member (lib_archetype_map, Cluster_ID=2)	exact Vierstra archetype cluster member gene	archetype_cluster_member				False	0	False
HD/2	HD	EMX2	Vierstra_cluster_member (lib_archetype_map, Cluster_ID=2)	exact Vierstra archetype cluster member gene	archetype_cluster_member				False	0	False
HD/2	HD	EN1	Vierstra_cluster_member (lib_archetype_map, Cluster_ID=2)	exact Vierstra archetype cluster member gene	archetype_cluster_member				False	0	False
HD/2	HD	EN2	Vierstra_cluster_member (lib_archetype_map, Cluster_ID=2)	exact Vierstra archetype cluster member gene	archetype_cluster_member				False	0	False
HD/2	HD	ESX1	Vierstra_cluster_member (lib_archetype_map, Cluster_ID=2)	exact Vierstra archetype cluster member gene	archetype_cluster_member				False	0	False
HD/2	HD	EVX1	Vierstra_cluster_member (lib_archetype_map, Cluster_ID=2)	exact Vierstra archetype cluster member gene	archetype_cluster_member				False	0	False
HD/2	HD	EVX2	Vierstra_cluster_member (lib_archetype_map, Cluster_ID=2)	exact Vierstra archetype cluster member gene	archetype_cluster_member				False	0	False
HD/2	HD	GBX1	Vierstra_cluster_member (lib_archetype_map, Cluster_ID=2)	exact Vierstra archetype cluster member gene	archetype_cluster_member				False	0	False
HD/2	HD	GBX2	Vierstra_cluster_member (lib_archetype_map, Cluster_ID=2)	exact Vierstra archetype cluster member gene	archetype_cluster_member				False	0	False
HD/2	HD	GSX1	Vierstra_cluster_member (lib_archetype_map, Cluster_ID=2)	exact Vierstra archetype cluster member gene	archetype_cluster_member				False	0	False
HD/2	HD	GSX2	Vierstra_cluster_member (lib_archetype_map, Cluster_ID=2)	exact Vierstra archetype cluster member gene	archetype_cluster_member				False	0	False
HD/2	HD	HESX1	Vierstra_cluster_member (lib_archetype_map, Cluster_ID=2)	exact Vierstra archetype cluster member gene	archetype_cluster_member	2.398	2.637	1.946	True	6	True
HD/2	HD	HOXA1	Vierstra_cluster_member (lib_archetype_map, Cluster_ID=2)	exact Vierstra archetype cluster member gene	archetype_cluster_member				False	0	False
HD/2	HD	HOXA2	Vierstra_cluster_member (lib_archetype_map, Cluster_ID=2)	exact Vierstra archetype cluster member gene	archetype_cluster_member				False	0	False
HD/2	HD	HOXA5	Vierstra_cluster_member (lib_archetype_map, Cluster_ID=2)	exact Vierstra archetype cluster member gene	archetype_cluster_member				False	0	False
HD/2	HD	HOXB2	Vierstra_cluster_member (lib_archetype_map, Cluster_ID=2)	exact Vierstra archetype cluster member gene	archetype_cluster_member				False	0	False
HD/2	HD	HOXB3	Vierstra_cluster_member (lib_archetype_map, Cluster_ID=2)	exact Vierstra archetype cluster member gene	archetype_cluster_member				False	0	False
HD/2	HD	HOXB5	Vierstra_cluster_member (lib_archetype_map, Cluster_ID=2)	exact Vierstra archetype cluster member gene	archetype_cluster_member				False	0	False
HD/2	HD	HOXD3	Vierstra_cluster_member (lib_archetype_map, Cluster_ID=2)	exact Vierstra archetype cluster member gene	archetype_cluster_member				False	0	False
HD/2	HD	HOXD8	Vierstra_cluster_member (lib_archetype_map, Cluster_ID=2)	exact Vierstra archetype cluster member gene	archetype_cluster_member				False	0	False
HD/2	HD	HXB4	Vierstra_cluster_member (lib_archetype_map, Cluster_ID=2)	exact Vierstra archetype cluster member gene	archetype_cluster_member				False	0	False
HD/2	HD	ISL1	Vierstra_cluster_member (lib_archetype_map, Cluster_ID=2)	exact Vierstra archetype cluster member gene	archetype_cluster_member	7.774	2.418	2.088	True	7	True
HD/2	HD	ISX	Vierstra_cluster_member (lib_archetype_map, Cluster_ID=2)	exact Vierstra archetype cluster member gene	archetype_cluster_member	4.175	1.511	0.842	False	0	True
HD/2	HD	LBX1	Vierstra_cluster_member (lib_archetype_map, Cluster_ID=2)	exact Vierstra archetype cluster member gene	archetype_cluster_member				False	0	False
HD/2	HD	LBX2	Vierstra_cluster_member (lib_archetype_map, Cluster_ID=2)	exact Vierstra archetype cluster member gene	archetype_cluster_member				False	0	False
HD/2	HD	LHX2	Vierstra_cluster_member (lib_archetype_map, Cluster_ID=2)	exact Vierstra archetype cluster member gene	archetype_cluster_member				False	0	False
HD/2	HD	LHX3	Vierstra_cluster_member (lib_archetype_map, Cluster_ID=2)	exact Vierstra archetype cluster member gene	archetype_cluster_member				False	0	False
HD/2	HD	LHX4	Vierstra_cluster_member (lib_archetype_map, Cluster_ID=2)	exact Vierstra archetype cluster member gene	archetype_cluster_member	2.923	3.815	2.061	True	12	True
HD/2	HD	LHX6	Vierstra_cluster_member (lib_archetype_map, Cluster_ID=2)	exact Vierstra archetype cluster member gene	archetype_cluster_member				False	0	False
HD/2	HD	LHX8	Vierstra_cluster_member (lib_archetype_map, Cluster_ID=2)	exact Vierstra archetype cluster member gene	archetype_cluster_member				False	0	False
HD/2	HD	LHX9	Vierstra_cluster_member (lib_archetype_map, Cluster_ID=2)	exact Vierstra archetype cluster member gene	archetype_cluster_member				False	0	False
HD/2	HD	LMX1A	Vierstra_cluster_member (lib_archetype_map, Cluster_ID=2)	exact Vierstra archetype cluster member gene	archetype_cluster_member	6.658	3.785	2.001	True	7	True
HD/2	HD	LMX1B	Vierstra_cluster_member (lib_archetype_map, Cluster_ID=2)	exact Vierstra archetype cluster member gene	archetype_cluster_member	6.961	2.199	1.296	True	2	True
HD/2	HD	MEOX1	Vierstra_cluster_member (lib_archetype_map, Cluster_ID=2)	exact Vierstra archetype cluster member gene	archetype_cluster_member				False	0	False
HD/2	HD	MEOX2	Vierstra_cluster_member (lib_archetype_map, Cluster_ID=2)	exact Vierstra archetype cluster member gene	archetype_cluster_member				False	0	False
HD/2	HD	MIX-A	Vierstra_cluster_member (lib_archetype_map, Cluster_ID=2)	exact Vierstra archetype cluster member gene	archetype_cluster_member				False	0	False
HD/2	HD	MIXL1	Vierstra_cluster_member (lib_archetype_map, Cluster_ID=2)	exact Vierstra archetype cluster member gene	archetype_cluster_member				False	0	False
HD/2	HD	MNX1	Vierstra_cluster_member (lib_archetype_map, Cluster_ID=2)	exact Vierstra archetype cluster member gene	archetype_cluster_member	7.117	2.483	2.016	True	3	True
HD/2	HD	MSX1	Vierstra_cluster_member (lib_archetype_map, Cluster_ID=2)	exact Vierstra archetype cluster member gene	archetype_cluster_member				False	0	False
HD/2	HD	MSX2	Vierstra_cluster_member (lib_archetype_map, Cluster_ID=2)	exact Vierstra archetype cluster member gene	archetype_cluster_member				False	0	False
HD/2	HD	MSX3	Vierstra_cluster_member (lib_archetype_map, Cluster_ID=2)	exact Vierstra archetype cluster member gene	archetype_cluster_member				False	0	False
HD/2	HD	NKX6-1	Vierstra_cluster_member (lib_archetype_map, Cluster_ID=2)	exact Vierstra archetype cluster member gene	archetype_cluster_member	6.099	2.206	1.905	True	2	True
HD/2	HD	NKX6-2	Vierstra_cluster_member (lib_archetype_map, Cluster_ID=2)	exact Vierstra archetype cluster member gene	archetype_cluster_member				False	0	False
HD/2	HD	NOBOX	Vierstra_cluster_member (lib_archetype_map, Cluster_ID=2)	exact Vierstra archetype cluster member gene	archetype_cluster_member				False	0	False
HD/2	HD	NOTO	Vierstra_cluster_member (lib_archetype_map, Cluster_ID=2)	exact Vierstra archetype cluster member gene	archetype_cluster_member				False	0	False
HD/2	HD	PAX4	Vierstra_cluster_member (lib_archetype_map, Cluster_ID=2)	exact Vierstra archetype cluster member gene	archetype_cluster_member	6.832	2.119	1.644	True	6	True
HD/2	HD	PDX1	Vierstra_cluster_member (lib_archetype_map, Cluster_ID=2)	exact Vierstra archetype cluster member gene	archetype_cluster_member	5.824	3.491	2.643	True	8	True
HD/2	HD	POU6F1	Vierstra_cluster_member (lib_archetype_map, Cluster_ID=2)	exact Vierstra archetype cluster member gene	archetype_cluster_member	3.454	3.046	1.727	True	8	True
HD/2	HD	POU6F2	Vierstra_cluster_member (lib_archetype_map, Cluster_ID=2)	exact Vierstra archetype cluster member gene	archetype_cluster_member	5.621	2.821	1.463	True	7	True
HD/2	HD	PRRX1	Vierstra_cluster_member (lib_archetype_map, Cluster_ID=2)	exact Vierstra archetype cluster member gene	archetype_cluster_member				False	0	False
HD/2	HD	PRRX2	Vierstra_cluster_member (lib_archetype_map, Cluster_ID=2)	exact Vierstra archetype cluster member gene	archetype_cluster_member				False	0	False
HD/2	HD	RAX	Vierstra_cluster_member (lib_archetype_map, Cluster_ID=2)	exact Vierstra archetype cluster member gene	archetype_cluster_member				False	0	False
HD/2	HD	RAX2	Vierstra_cluster_member (lib_archetype_map, Cluster_ID=2)	exact Vierstra archetype cluster member gene	archetype_cluster_member				False	0	False
HD/2	HD	RAXL1	Vierstra_cluster_member (lib_archetype_map, Cluster_ID=2)	exact Vierstra archetype cluster member gene	archetype_cluster_member				False	0	False
HD/2	HD	SHOX	Vierstra_cluster_member (lib_archetype_map, Cluster_ID=2)	exact Vierstra archetype cluster member gene	archetype_cluster_member				False	0	False
HD/2	HD	SHOX2	Vierstra_cluster_member (lib_archetype_map, Cluster_ID=2)	exact Vierstra archetype cluster member gene	archetype_cluster_member				False	0	False
HD/2	HD	SP7	Vierstra_cluster_member (lib_archetype_map, Cluster_ID=2)	exact Vierstra archetype cluster member gene	archetype_cluster_member				False	0	False
HD/2	HD	UNCX	Vierstra_cluster_member (lib_archetype_map, Cluster_ID=2)	exact Vierstra archetype cluster member gene	archetype_cluster_member				False	0	False
HD/2	HD	VAX1	Vierstra_cluster_member (lib_archetype_map, Cluster_ID=2)	exact Vierstra archetype cluster member gene	archetype_cluster_member				False	0	False
HD/2	HD	VAX2	Vierstra_cluster_member (lib_archetype_map, Cluster_ID=2)	exact Vierstra archetype cluster member gene	archetype_cluster_member				False	0	False
HD/2	HD	VENTX	Vierstra_cluster_member (lib_archetype_map, Cluster_ID=2)	exact Vierstra archetype cluster member gene	archetype_cluster_member				False	0	False
HD/2	HD	VSX1	Vierstra_cluster_member (lib_archetype_map, Cluster_ID=2)	exact Vierstra archetype cluster member gene	archetype_cluster_member				False	0	False
HD/2	HD	VSX2	Vierstra_cluster_member (lib_archetype_map, Cluster_ID=2)	exact Vierstra archetype cluster member gene	archetype_cluster_member				False	0	False
HIC/1	HIC	HIC1	Vierstra_cluster_member (lib_archetype_map, Cluster_ID=187)	exact Vierstra archetype cluster member gene	archetype_cluster_member	1.088	2.728	1.593	True	5	True
HIC/1	HIC	HIC2	Vierstra_cluster_member (lib_archetype_map, Cluster_ID=187)	exact Vierstra archetype cluster member gene	archetype_cluster_member	3.708	1.93	1.233	True	1	True
IRF/1	IRF	IRF2	Vierstra_cluster_member (lib_archetype_map, Cluster_ID=104)	exact Vierstra archetype cluster member gene	archetype_cluster_member	5.86	1.945	1.598	True	2	True
IRF/1	IRF	IRF3	Vierstra_cluster_member (lib_archetype_map, Cluster_ID=104)	exact Vierstra archetype cluster member gene	archetype_cluster_member	3.724	3.879	2.058	True	6	True
IRF/1	IRF	IRF4	Vierstra_cluster_member (lib_archetype_map, Cluster_ID=104)	exact Vierstra archetype cluster member gene	archetype_cluster_member				False	0	False
IRF/1	IRF	IRF7	Vierstra_cluster_member (lib_archetype_map, Cluster_ID=104)	exact Vierstra archetype cluster member gene	archetype_cluster_member	1.004	4.152	2.851	True	15	True
IRF/1	IRF	IRF8	Vierstra_cluster_member (lib_archetype_map, Cluster_ID=104)	exact Vierstra archetype cluster member gene	archetype_cluster_member	0.441	2.359	2.04	True	4	False
IRF/1	IRF	IRF9	Vierstra_cluster_member (lib_archetype_map, Cluster_ID=104)	exact Vierstra archetype cluster member gene	archetype_cluster_member	3.391	4.262	3.482	True	13	True
IRF/3	IRF	IRF5	Vierstra_cluster_member (lib_archetype_map, Cluster_ID=103)	exact Vierstra archetype cluster member gene	archetype_cluster_member	0.816	2.296	1.659	True	5	False
KAISO	KAISO	KAISO	Vierstra_cluster_member (lib_archetype_map, Cluster_ID=155)	exact Vierstra archetype cluster member gene	archetype_cluster_member				False	0	False
KAISO	KAISO	ZBTB33	Vierstra_cluster_member (lib_archetype_map, Cluster_ID=155)	exact Vierstra archetype cluster member gene	archetype_cluster_member	2.102	1.605	0.923	False	0	True
KLF/SP/1	KLF/SP	KLF1	Vierstra_cluster_member (lib_archetype_map, Cluster_ID=112)	exact Vierstra archetype cluster member gene	archetype_cluster_member				False	0	False
KLF/SP/1	KLF/SP	KLF12	Vierstra_cluster_member (lib_archetype_map, Cluster_ID=112)	exact Vierstra archetype cluster member gene	archetype_cluster_member	8.452	1.358	0.735	False	0	True
KLF/SP/1	KLF/SP	KLF13	Vierstra_cluster_member (lib_archetype_map, Cluster_ID=112)	exact Vierstra archetype cluster member gene	archetype_cluster_member	4.944	2.899	2.188	True	4	True
KLF/SP/1	KLF/SP	KLF14	Vierstra_cluster_member (lib_archetype_map, Cluster_ID=112)	exact Vierstra archetype cluster member gene	archetype_cluster_member				False	0	False
KLF/SP/1	KLF/SP	KLF16	Vierstra_cluster_member (lib_archetype_map, Cluster_ID=112)	exact Vierstra archetype cluster member gene	archetype_cluster_member	1.669	3.18	1.8	True	13	True
KLF/SP/1	KLF/SP	KLF4	Vierstra_cluster_member (lib_archetype_map, Cluster_ID=112)	exact Vierstra archetype cluster member gene	archetype_cluster_member				False	0	False
KLF/SP/1	KLF/SP	KLF9	Vierstra_cluster_member (lib_archetype_map, Cluster_ID=112)	exact Vierstra archetype cluster member gene	archetype_cluster_member	0.56	2.411	1.582	True	4	False
KLF/SP/1	KLF/SP	SP1	Vierstra_cluster_member (lib_archetype_map, Cluster_ID=112)	exact Vierstra archetype cluster member gene	archetype_cluster_member	4.963	1.997	1.319	True	1	True
KLF/SP/1	KLF/SP	SP3	Vierstra_cluster_member (lib_archetype_map, Cluster_ID=112)	exact Vierstra archetype cluster member gene	archetype_cluster_member	6.996	0.864	0.491	False	0	True
KLF/SP/1	KLF/SP	SP4	Vierstra_cluster_member (lib_archetype_map, Cluster_ID=112)	exact Vierstra archetype cluster member gene	archetype_cluster_member	5.611	1.021	0.578	False	0	True
KLF/SP/1	KLF/SP	SP8	Vierstra_cluster_member (lib_archetype_map, Cluster_ID=112)	exact Vierstra archetype cluster member gene	archetype_cluster_member				False	0	False
KLF/SP/2	KLF/SP	EGR1	Vierstra_cluster_member (lib_archetype_map, Cluster_ID=109)	exact Vierstra archetype cluster member gene	archetype_cluster_member	3.324	4.582	2.837	True	14	True
KLF/SP/2	KLF/SP	EGR2	Vierstra_cluster_member (lib_archetype_map, Cluster_ID=109)	exact Vierstra archetype cluster member gene	archetype_cluster_member				False	0	False
KLF/SP/2	KLF/SP	KLF1	Vierstra_cluster_member (lib_archetype_map, Cluster_ID=109)	exact Vierstra archetype cluster member gene	archetype_cluster_member				False	0	False
KLF/SP/2	KLF/SP	KLF12	Vierstra_cluster_member (lib_archetype_map, Cluster_ID=109)	exact Vierstra archetype cluster member gene	archetype_cluster_member	8.452	1.358	0.735	False	0	True
KLF/SP/2	KLF/SP	KLF3	Vierstra_cluster_member (lib_archetype_map, Cluster_ID=109)	exact Vierstra archetype cluster member gene	archetype_cluster_member	4.836	1.036	0.59	False	0	True
KLF/SP/2	KLF/SP	KLF4	Vierstra_cluster_member (lib_archetype_map, Cluster_ID=109)	exact Vierstra archetype cluster member gene	archetype_cluster_member				False	0	False
KLF/SP/2	KLF/SP	KLF5	Vierstra_cluster_member (lib_archetype_map, Cluster_ID=109)	exact Vierstra archetype cluster member gene	archetype_cluster_member	4.555	2.921	1.705	True	8	True
KLF/SP/2	KLF/SP	KLF6	Vierstra_cluster_member (lib_archetype_map, Cluster_ID=109)	exact Vierstra archetype cluster member gene	archetype_cluster_member	4.922	1.85	1.17	True	2	True
KLF/SP/2	KLF/SP	PATZ1	Vierstra_cluster_member (lib_archetype_map, Cluster_ID=109)	exact Vierstra archetype cluster member gene	archetype_cluster_member	3.979	2.145	1.241	True	2	True
KLF/SP/2	KLF/SP	RREB1	Vierstra_cluster_member (lib_archetype_map, Cluster_ID=109)	exact Vierstra archetype cluster member gene	archetype_cluster_member	7.962	1.005	0.689	False	0	True
KLF/SP/2	KLF/SP	SALL4	Vierstra_cluster_member (lib_archetype_map, Cluster_ID=109)	exact Vierstra archetype cluster member gene	archetype_cluster_member	3.281	2.493	1.419	True	5	True
KLF/SP/2	KLF/SP	SP1	Vierstra_cluster_member (lib_archetype_map, Cluster_ID=109)	exact Vierstra archetype cluster member gene	archetype_cluster_member	4.963	1.997	1.319	True	1	True
KLF/SP/2	KLF/SP	SP2	Vierstra_cluster_member (lib_archetype_map, Cluster_ID=109)	exact Vierstra archetype cluster member gene	archetype_cluster_member	3.552	2.446	1.23	True	3	True
KLF/SP/2	KLF/SP	SP3	Vierstra_cluster_member (lib_archetype_map, Cluster_ID=109)	exact Vierstra archetype cluster member gene	archetype_cluster_member	6.996	0.864	0.491	False	0	True
KLF/SP/2	KLF/SP	SP4	Vierstra_cluster_member (lib_archetype_map, Cluster_ID=109)	exact Vierstra archetype cluster member gene	archetype_cluster_member	5.611	1.021	0.578	False	0	True
KLF/SP/2	KLF/SP	SP5	Vierstra_cluster_member (lib_archetype_map, Cluster_ID=109)	exact Vierstra archetype cluster member gene	archetype_cluster_member				False	0	False
KLF/SP/2	KLF/SP	VEZF1	Vierstra_cluster_member (lib_archetype_map, Cluster_ID=109)	exact Vierstra archetype cluster member gene	archetype_cluster_member	5.274	1.068	0.547	False	0	True
KLF/SP/2	KLF/SP	WT1	Vierstra_cluster_member (lib_archetype_map, Cluster_ID=109)	exact Vierstra archetype cluster member gene	archetype_cluster_member				False	0	False
KLF/SP/2	KLF/SP	ZBT17	Vierstra_cluster_member (lib_archetype_map, Cluster_ID=109)	exact Vierstra archetype cluster member gene	archetype_cluster_member				False	0	False
KLF/SP/2	KLF/SP	ZN281	Vierstra_cluster_member (lib_archetype_map, Cluster_ID=109)	exact Vierstra archetype cluster member gene	archetype_cluster_member				False	0	False
MAF	MAF	MAF	Vierstra_cluster_member (lib_archetype_map, Cluster_ID=55)	exact Vierstra archetype cluster member gene	archetype_cluster_member	5.769	3.545	2.208	True	8	True
MAF	MAF	MAFB	Vierstra_cluster_member (lib_archetype_map, Cluster_ID=55)	exact Vierstra archetype cluster member gene	archetype_cluster_member	6.691	2.748	1.671	True	3	True
MAF	MAF	MAFF	Vierstra_cluster_member (lib_archetype_map, Cluster_ID=55)	exact Vierstra archetype cluster member gene	archetype_cluster_member	2.023	3.352	1.949	True	12	True
MAF	MAF	MAFG	Vierstra_cluster_member (lib_archetype_map, Cluster_ID=55)	exact Vierstra archetype cluster member gene	archetype_cluster_member	5.264	1.21	0.608	False	0	True
MAF	MAF	MAFK	Vierstra_cluster_member (lib_archetype_map, Cluster_ID=55)	exact Vierstra archetype cluster member gene	archetype_cluster_member	2.189	2.609	1.684	True	3	True
MAF	MAF	NRL	Vierstra_cluster_member (lib_archetype_map, Cluster_ID=55)	exact Vierstra archetype cluster member gene	archetype_cluster_member	3.417	1.612	0.856	False	0	True
MBD2	MBD2	MBD2	Vierstra_cluster_member (lib_archetype_map, Cluster_ID=239)	exact Vierstra archetype cluster member gene	archetype_cluster_member	6.265	0.917	0.68	False	0	True
NFAC/2	NFAC	NFAC1	Vierstra_cluster_member (lib_archetype_map, Cluster_ID=101)	exact Vierstra archetype cluster member gene	archetype_cluster_member				False	0	False
NFAC/2	NFAC	PRDM6	Vierstra_cluster_member (lib_archetype_map, Cluster_ID=101)	exact Vierstra archetype cluster member gene	archetype_cluster_member	1.457	2.224	1.119	True	3	True
NFAT/3	NFAT	NFATC1	Vierstra_cluster_member (lib_archetype_map, Cluster_ID=102)	exact Vierstra archetype cluster member gene	archetype_cluster_member				False	0	False
NFAT/4	NFAT	NFATC1	Vierstra_cluster_member (lib_archetype_map, Cluster_ID=168)	exact Vierstra archetype cluster member gene	archetype_cluster_member				False	0	False
NFY	NFY	DUX	Vierstra_cluster_member (lib_archetype_map, Cluster_ID=13)	exact Vierstra archetype cluster member gene	archetype_cluster_member				False	0	False
NFY	NFY	FOXI1	Vierstra_cluster_member (lib_archetype_map, Cluster_ID=13)	exact Vierstra archetype cluster member gene	archetype_cluster_member				False	0	False
NFY	NFY	NFYA	Vierstra_cluster_member (lib_archetype_map, Cluster_ID=13)	exact Vierstra archetype cluster member gene	archetype_cluster_member	4.184	1.193	0.737	False	0	True
NFY	NFY	NFYB	Vierstra_cluster_member (lib_archetype_map, Cluster_ID=13)	exact Vierstra archetype cluster member gene	archetype_cluster_member	3.601	2.355	1.579	True	6	True
NFY	NFY	NFYC	Vierstra_cluster_member (lib_archetype_map, Cluster_ID=13)	exact Vierstra archetype cluster member gene	archetype_cluster_member	5.886	0.576	0.331	False	0	True
NFY	NFY	PBX3	Vierstra_cluster_member (lib_archetype_map, Cluster_ID=13)	exact Vierstra archetype cluster member gene	archetype_cluster_member	9.644	1.438	0.783	False	0	True
NR/1	NR	HNF4A	Vierstra_cluster_member (lib_archetype_map, Cluster_ID=30)	exact Vierstra archetype cluster member gene	archetype_cluster_member	7.429	2.149	1.112	True	4	True
NR/1	NR	HNF4G	Vierstra_cluster_member (lib_archetype_map, Cluster_ID=30)	exact Vierstra archetype cluster member gene	archetype_cluster_member	6.562	2.249	1.476	True	3	True
NR/1	NR	NR1H2+RXRA	Vierstra_cluster_member (lib_archetype_map, Cluster_ID=30)	exact Vierstra archetype cluster member gene	archetype_cluster_member				False	0	False
NR/1	NR	NR1H3	Vierstra_cluster_member (lib_archetype_map, Cluster_ID=30)	exact Vierstra archetype cluster member gene	archetype_cluster_member	3.097	3.061	1.64	True	5	True
NR/1	NR	NR2C2	Vierstra_cluster_member (lib_archetype_map, Cluster_ID=30)	exact Vierstra archetype cluster member gene	archetype_cluster_member	7.233	0.594	0.367	False	0	True
NR/1	NR	NR2F1	Vierstra_cluster_member (lib_archetype_map, Cluster_ID=30)	exact Vierstra archetype cluster member gene	archetype_cluster_member	1.283	3.051	1.833	True	4	True
NR/1	NR	NR2F6	Vierstra_cluster_member (lib_archetype_map, Cluster_ID=30)	exact Vierstra archetype cluster member gene	archetype_cluster_member	3.108	3.195	1.875	True	8	True
NR/1	NR	RXRA	Vierstra_cluster_member (lib_archetype_map, Cluster_ID=30)	exact Vierstra archetype cluster member gene	archetype_cluster_member	6.592	4.42	2.275	True	10	True
NR/1	NR	RXRB	Vierstra_cluster_member (lib_archetype_map, Cluster_ID=30)	exact Vierstra archetype cluster member gene	archetype_cluster_member	4.181	1.555	1.028	True	1	True
NR/1	NR	RXRG	Vierstra_cluster_member (lib_archetype_map, Cluster_ID=30)	exact Vierstra archetype cluster member gene	archetype_cluster_member	0.769	2.054	1.21	True	1	False
NR/13	NR	NR2F1	Vierstra_cluster_member (lib_archetype_map, Cluster_ID=42)	exact Vierstra archetype cluster member gene	archetype_cluster_member	1.283	3.051	1.833	True	4	True
NR/13	NR	NR2F6	Vierstra_cluster_member (lib_archetype_map, Cluster_ID=42)	exact Vierstra archetype cluster member gene	archetype_cluster_member	3.108	3.195	1.875	True	8	True
NR/13	NR	RARA	Vierstra_cluster_member (lib_archetype_map, Cluster_ID=42)	exact Vierstra archetype cluster member gene	archetype_cluster_member	2.639	2.412	1.293	True	2	True
NR/13	NR	RARB	Vierstra_cluster_member (lib_archetype_map, Cluster_ID=42)	exact Vierstra archetype cluster member gene	archetype_cluster_member	1.635	4.604	2.826	True	7	True
NR/13	NR	RARG	Vierstra_cluster_member (lib_archetype_map, Cluster_ID=42)	exact Vierstra archetype cluster member gene	archetype_cluster_member				False	0	False
NR/13	NR	RORA	Vierstra_cluster_member (lib_archetype_map, Cluster_ID=42)	exact Vierstra archetype cluster member gene	archetype_cluster_member	10.421	1.206	0.809	False	0	True
NR/18	NR	NR1A4+RXRA	Vierstra_cluster_member (lib_archetype_map, Cluster_ID=47)	exact Vierstra archetype cluster member gene	archetype_cluster_member				False	0	False
NR/18	NR	NR1H4	Vierstra_cluster_member (lib_archetype_map, Cluster_ID=47)	exact Vierstra archetype cluster member gene	archetype_cluster_member	2.736	4.364	2.562	True	9	True
NR/18	NR	NR4A2+RXRA	Vierstra_cluster_member (lib_archetype_map, Cluster_ID=47)	exact Vierstra archetype cluster member gene	archetype_cluster_member				False	0	False
NR/20	NR	ANDR	Vierstra_cluster_member (lib_archetype_map, Cluster_ID=248)	exact Vierstra archetype cluster member gene	archetype_cluster_member				False	0	False
NR/20	NR	AR	Vierstra_cluster_member (lib_archetype_map, Cluster_ID=248)	exact Vierstra archetype cluster member gene	archetype_cluster_member	2.686	2.752	1.768	True	4	True
NR/20	NR	GCR	Vierstra_cluster_member (lib_archetype_map, Cluster_ID=248)	exact Vierstra archetype cluster member gene	archetype_cluster_member				False	0	False
NR/20	NR	NR3C1	Vierstra_cluster_member (lib_archetype_map, Cluster_ID=248)	exact Vierstra archetype cluster member gene	archetype_cluster_member	9.309	2.115	1.156	True	2	True
NR/20	NR	NR3C2	Vierstra_cluster_member (lib_archetype_map, Cluster_ID=248)	exact Vierstra archetype cluster member gene	archetype_cluster_member	6.625	1.601	0.971	False	0	True
NR/20	NR	PRGR	Vierstra_cluster_member (lib_archetype_map, Cluster_ID=248)	exact Vierstra archetype cluster member gene	archetype_cluster_member				False	0	False
NR/4	NR	RXRA	Vierstra_cluster_member (lib_archetype_map, Cluster_ID=33)	exact Vierstra archetype cluster member gene	archetype_cluster_member	6.592	4.42	2.275	True	10	True
NR/4	NR	RXRG	Vierstra_cluster_member (lib_archetype_map, Cluster_ID=33)	exact Vierstra archetype cluster member gene	archetype_cluster_member	0.769	2.054	1.21	True	1	False
NRF1	NRF1	NRF1	Vierstra_cluster_member (lib_archetype_map, Cluster_ID=192)	exact Vierstra archetype cluster member gene	archetype_cluster_member	6.919	0.793	0.422	False	0	True
OCT4+SOX2	OCT4+SOX2	NANOG	Vierstra_cluster_member (lib_archetype_map, Cluster_ID=84)	exact Vierstra archetype cluster member gene	archetype_cluster_member	0.869	1.377	0.762	False	0	False
OCT4+SOX2	OCT4+SOX2	PO3F1	Vierstra_cluster_member (lib_archetype_map, Cluster_ID=84)	exact Vierstra archetype cluster member gene	archetype_cluster_member				False	0	False
OCT4+SOX2	OCT4+SOX2	PO5F1	Vierstra_cluster_member (lib_archetype_map, Cluster_ID=84)	exact Vierstra archetype cluster member gene	archetype_cluster_member				False	0	False
OCT4+SOX2	OCT4+SOX2	POU5F1+SOX2	Vierstra_cluster_member (lib_archetype_map, Cluster_ID=84)	exact Vierstra archetype cluster member gene	archetype_cluster_member				False	0	False
OCT4+SOX2	OCT4+SOX2	SOX2	Vierstra_cluster_member (lib_archetype_map, Cluster_ID=84)	exact Vierstra archetype cluster member gene	archetype_cluster_member				False	0	False
OSR2	OSR2	OSR2	Vierstra_cluster_member (lib_archetype_map, Cluster_ID=130)	exact Vierstra archetype cluster member gene	archetype_cluster_member				False	0	False
PAX/1	PAX	PAX1	Vierstra_cluster_member (lib_archetype_map, Cluster_ID=281)	exact Vierstra archetype cluster member gene	archetype_cluster_member				False	0	False
PAX/1	PAX	PAX2	Vierstra_cluster_member (lib_archetype_map, Cluster_ID=281)	exact Vierstra archetype cluster member gene	archetype_cluster_member				False	0	False
PAX/1	PAX	PAX5	Vierstra_cluster_member (lib_archetype_map, Cluster_ID=281)	exact Vierstra archetype cluster member gene	archetype_cluster_member	1.273	2.86	1.85	True	4	True
PAX/1	PAX	PAX6	Vierstra_cluster_member (lib_archetype_map, Cluster_ID=281)	exact Vierstra archetype cluster member gene	archetype_cluster_member	8.771	2.298	1.632	True	2	True
PAX/1	PAX	PAX9	Vierstra_cluster_member (lib_archetype_map, Cluster_ID=281)	exact Vierstra archetype cluster member gene	archetype_cluster_member				False	0	False
POU/1	POU	PO2F1	Vierstra_cluster_member (lib_archetype_map, Cluster_ID=85)	exact Vierstra archetype cluster member gene	archetype_cluster_member				False	0	False
POU/1	POU	PO2F2	Vierstra_cluster_member (lib_archetype_map, Cluster_ID=85)	exact Vierstra archetype cluster member gene	archetype_cluster_member				False	0	False
POU/1	POU	POU1F1	Vierstra_cluster_member (lib_archetype_map, Cluster_ID=85)	exact Vierstra archetype cluster member gene	archetype_cluster_member				False	0	False
POU/1	POU	POU2F1	Vierstra_cluster_member (lib_archetype_map, Cluster_ID=85)	exact Vierstra archetype cluster member gene	archetype_cluster_member	7.205	0.68	0.382	False	0	True
POU/1	POU	POU2F2	Vierstra_cluster_member (lib_archetype_map, Cluster_ID=85)	exact Vierstra archetype cluster member gene	archetype_cluster_member	3.546	4.129	2.6	True	14	True
POU/1	POU	POU2F3	Vierstra_cluster_member (lib_archetype_map, Cluster_ID=85)	exact Vierstra archetype cluster member gene	archetype_cluster_member				False	0	False
POU/1	POU	POU3F1	Vierstra_cluster_member (lib_archetype_map, Cluster_ID=85)	exact Vierstra archetype cluster member gene	archetype_cluster_member	1.258	2.849	1.876	True	1	True
POU/1	POU	POU3F2	Vierstra_cluster_member (lib_archetype_map, Cluster_ID=85)	exact Vierstra archetype cluster member gene	archetype_cluster_member				False	0	False
POU/1	POU	POU3F3	Vierstra_cluster_member (lib_archetype_map, Cluster_ID=85)	exact Vierstra archetype cluster member gene	archetype_cluster_member				False	0	False
POU/1	POU	POU3F4	Vierstra_cluster_member (lib_archetype_map, Cluster_ID=85)	exact Vierstra archetype cluster member gene	archetype_cluster_member				False	0	False
POU/1	POU	POU5F1	Vierstra_cluster_member (lib_archetype_map, Cluster_ID=85)	exact Vierstra archetype cluster member gene	archetype_cluster_member				False	0	False
POU/1	POU	POU5F1B	Vierstra_cluster_member (lib_archetype_map, Cluster_ID=85)	exact Vierstra archetype cluster member gene	archetype_cluster_member				False	0	False
POU/1	POU	POU5F1P1	Vierstra_cluster_member (lib_archetype_map, Cluster_ID=85)	exact Vierstra archetype cluster member gene	archetype_cluster_member				False	0	False
POU/2	POU	POU1F1	Vierstra_cluster_member (lib_archetype_map, Cluster_ID=82)	exact Vierstra archetype cluster member gene	archetype_cluster_member				False	0	False
POU/2	POU	POU3F1	Vierstra_cluster_member (lib_archetype_map, Cluster_ID=82)	exact Vierstra archetype cluster member gene	archetype_cluster_member	1.258	2.849	1.876	True	1	True
POU/2	POU	POU3F2	Vierstra_cluster_member (lib_archetype_map, Cluster_ID=82)	exact Vierstra archetype cluster member gene	archetype_cluster_member				False	0	False
POU/2	POU	POU3F3	Vierstra_cluster_member (lib_archetype_map, Cluster_ID=82)	exact Vierstra archetype cluster member gene	archetype_cluster_member				False	0	False
POU/2	POU	POU3F4	Vierstra_cluster_member (lib_archetype_map, Cluster_ID=82)	exact Vierstra archetype cluster member gene	archetype_cluster_member				False	0	False
POU/2	POU	POU4F1	Vierstra_cluster_member (lib_archetype_map, Cluster_ID=82)	exact Vierstra archetype cluster member gene	archetype_cluster_member				False	0	False
POU/2	POU	POU4F2	Vierstra_cluster_member (lib_archetype_map, Cluster_ID=82)	exact Vierstra archetype cluster member gene	archetype_cluster_member				False	0	False
POU/2	POU	POU4F3	Vierstra_cluster_member (lib_archetype_map, Cluster_ID=82)	exact Vierstra archetype cluster member gene	archetype_cluster_member				False	0	False
PRDM1	PRDM1	PRDM1	Vierstra_cluster_member (lib_archetype_map, Cluster_ID=105)	exact Vierstra archetype cluster member gene	archetype_cluster_member	1.137	1.874	0.942	False	0	True
PRDM14	PRDM14	PRD14	Vierstra_cluster_member (lib_archetype_map, Cluster_ID=149)	exact Vierstra archetype cluster member gene	archetype_cluster_member				False	0	False
REST/NRSF	REST/NRSF	REST	Vierstra_cluster_member (lib_archetype_map, Cluster_ID=151)	exact Vierstra archetype cluster member gene	archetype_cluster_member	3.195	2.001	1.092	True	2	True
RFX/1	RFX	RFX1	Vierstra_cluster_member (lib_archetype_map, Cluster_ID=247)	exact Vierstra archetype cluster member gene	archetype_cluster_member	5.079	2.67	1.492	True	5	True
RFX/1	RFX	RFX2	Vierstra_cluster_member (lib_archetype_map, Cluster_ID=247)	exact Vierstra archetype cluster member gene	archetype_cluster_member	7.101	2.974	2.297	True	2	True
RFX/1	RFX	RFX3	Vierstra_cluster_member (lib_archetype_map, Cluster_ID=247)	exact Vierstra archetype cluster member gene	archetype_cluster_member	9.314	2.188	1.095	True	3	True
RFX/1	RFX	RFX4	Vierstra_cluster_member (lib_archetype_map, Cluster_ID=247)	exact Vierstra archetype cluster member gene	archetype_cluster_member	1.753	3.536	2.236	True	16	True
RFX/1	RFX	RFX5	Vierstra_cluster_member (lib_archetype_map, Cluster_ID=247)	exact Vierstra archetype cluster member gene	archetype_cluster_member	2.067	2.654	1.389	True	4	True
RFX/2	RFX	RFX2	Vierstra_cluster_member (lib_archetype_map, Cluster_ID=245)	exact Vierstra archetype cluster member gene	archetype_cluster_member	7.101	2.974	2.297	True	2	True
RFX/2	RFX	RFX3	Vierstra_cluster_member (lib_archetype_map, Cluster_ID=245)	exact Vierstra archetype cluster member gene	archetype_cluster_member	9.314	2.188	1.095	True	3	True
RFX/2	RFX	RFX4	Vierstra_cluster_member (lib_archetype_map, Cluster_ID=245)	exact Vierstra archetype cluster member gene	archetype_cluster_member	1.753	3.536	2.236	True	16	True
RFX/3	RFX	RFX5	Vierstra_cluster_member (lib_archetype_map, Cluster_ID=246)	exact Vierstra archetype cluster member gene	archetype_cluster_member	2.067	2.654	1.389	True	4	True
RFX/3	RFX	RFX6	Vierstra_cluster_member (lib_archetype_map, Cluster_ID=246)	exact Vierstra archetype cluster member gene	archetype_cluster_member	8.095	1.747	0.991	False	0	True
SCRT1	SCRT1	SCRT1	Vierstra_cluster_member (lib_archetype_map, Cluster_ID=66)	exact Vierstra archetype cluster member gene	archetype_cluster_member	1.603	3.685	1.862	True	6	True
SCRT1	SCRT1	SCRT2	Vierstra_cluster_member (lib_archetype_map, Cluster_ID=66)	exact Vierstra archetype cluster member gene	archetype_cluster_member				False	0	False
SMAD	SMAD	SMAD2	Vierstra_cluster_member (lib_archetype_map, Cluster_ID=129;147;207)	exact Vierstra archetype cluster member gene	archetype_cluster_member	7.819	1.108	0.561	False	0	True
SMAD	SMAD	SMAD2+SMAD3+SMAD4	Vierstra_cluster_member (lib_archetype_map, Cluster_ID=129;147;207)	exact Vierstra archetype cluster member gene	archetype_cluster_member				False	0	False
SMAD	SMAD	SMAD3	Vierstra_cluster_member (lib_archetype_map, Cluster_ID=129;147;207)	exact Vierstra archetype cluster member gene	archetype_cluster_member	4.256	2.615	1.527	True	3	True
SMAD	SMAD	SMAD4	Vierstra_cluster_member (lib_archetype_map, Cluster_ID=129;147;207)	exact Vierstra archetype cluster member gene	archetype_cluster_member	6.073	1.488	0.961	False	0	True
SMAD	SMAD	TBX20	Vierstra_cluster_member (lib_archetype_map, Cluster_ID=129;147;207)	exact Vierstra archetype cluster member gene	archetype_cluster_member				False	0	False
SNAI2	SNAI2	SNAI2	Vierstra_cluster_member (lib_archetype_map, Cluster_ID=67)	exact Vierstra archetype cluster member gene	archetype_cluster_member	0.406	2.855	1.899	True	4	False
SNAI2	SNAI2	ZEB1	Vierstra_cluster_member (lib_archetype_map, Cluster_ID=67)	exact Vierstra archetype cluster member gene	archetype_cluster_member	8.555	0.946	0.487	False	0	True
SOX/8	SOX	SOX1	Vierstra_cluster_member (lib_archetype_map, Cluster_ID=202)	exact Vierstra archetype cluster member gene	archetype_cluster_member	0.937	2.222	1.23	True	1	False
SOX/8	SOX	SOX10	Vierstra_cluster_member (lib_archetype_map, Cluster_ID=202)	exact Vierstra archetype cluster member gene	archetype_cluster_member				False	0	False
SOX/8	SOX	SOX8	Vierstra_cluster_member (lib_archetype_map, Cluster_ID=202)	exact Vierstra archetype cluster member gene	archetype_cluster_member				False	0	False
SOX/8	SOX	SOX9	Vierstra_cluster_member (lib_archetype_map, Cluster_ID=202)	exact Vierstra archetype cluster member gene	archetype_cluster_member				False	0	False
TFAP2/2	TFAP2	TCFAP2A	Vierstra_cluster_member (lib_archetype_map, Cluster_ID=263)	exact Vierstra archetype cluster member gene	archetype_cluster_member				False	0	False
TFAP2/2	TFAP2	TFAP2A	Vierstra_cluster_member (lib_archetype_map, Cluster_ID=263)	exact Vierstra archetype cluster member gene	archetype_cluster_member	0.998	3.391	1.902	True	9	False
TFAP2/2	TFAP2	TFAP2B	Vierstra_cluster_member (lib_archetype_map, Cluster_ID=263)	exact Vierstra archetype cluster member gene	archetype_cluster_member				False	0	False
TFAP2/2	TFAP2	TFAP2C	Vierstra_cluster_member (lib_archetype_map, Cluster_ID=263)	exact Vierstra archetype cluster member gene	archetype_cluster_member				False	0	False
YY1	YY1	TYY1	Vierstra_cluster_member (lib_archetype_map, Cluster_ID=145)	exact Vierstra archetype cluster member gene	archetype_cluster_member				False	0	False
YY1	YY1	YY1	Vierstra_cluster_member (lib_archetype_map, Cluster_ID=145)	exact Vierstra archetype cluster member gene	archetype_cluster_member	5.851	1.309	0.701	False	0	True
YY1	YY1	YY2	Vierstra_cluster_member (lib_archetype_map, Cluster_ID=145)	exact Vierstra archetype cluster member gene	archetype_cluster_member	1.209	2.089	1.234	True	2	True
YY1	YY1	ZFP42	Vierstra_cluster_member (lib_archetype_map, Cluster_ID=145)	exact Vierstra archetype cluster member gene	archetype_cluster_member				False	0	False
ZBTB14	ZBTB14	ZBT14	Vierstra_cluster_member (lib_archetype_map, Cluster_ID=217)	exact Vierstra archetype cluster member gene	archetype_cluster_member				False	0	False
ZIC/2	ZIC	ZFP740	Vierstra_cluster_member (lib_archetype_map, Cluster_ID=110)	exact Vierstra archetype cluster member gene	archetype_cluster_member				False	0	False
ZIC/2	ZIC	ZIC1	Vierstra_cluster_member (lib_archetype_map, Cluster_ID=110)	exact Vierstra archetype cluster member gene	archetype_cluster_member				False	0	False
ZIC/2	ZIC	ZNF740	Vierstra_cluster_member (lib_archetype_map, Cluster_ID=110)	exact Vierstra archetype cluster member gene	archetype_cluster_member	3.355	1.547	0.918	False	0	True
ZNF136	ZNF136	ZN136	Vierstra_cluster_member (lib_archetype_map, Cluster_ID=227)	exact Vierstra archetype cluster member gene	archetype_cluster_member				False	0	False
ZNF143	ZNF143	IKZF1	Vierstra_cluster_member (lib_archetype_map, Cluster_ID=172;173)	exact Vierstra archetype cluster member gene	archetype_cluster_member				False	0	False
ZNF143	ZNF143	THA11	Vierstra_cluster_member (lib_archetype_map, Cluster_ID=172;173)	exact Vierstra archetype cluster member gene	archetype_cluster_member				False	0	False
ZNF143	ZNF143	ZN143	Vierstra_cluster_member (lib_archetype_map, Cluster_ID=172;173)	exact Vierstra archetype cluster member gene	archetype_cluster_member				False	0	False
ZNF143	ZNF143	ZNF143	Vierstra_cluster_member (lib_archetype_map, Cluster_ID=172;173)	exact Vierstra archetype cluster member gene	archetype_cluster_member	5.267	1.437	0.798	False	0	True
ZNF143	ZNF143	ZNF76	Vierstra_cluster_member (lib_archetype_map, Cluster_ID=172;173)	exact Vierstra archetype cluster member gene	archetype_cluster_member	5.271	1.747	1.007	True	1	True
ZNF28	ZNF28	ZFP28	Vierstra_cluster_member (lib_archetype_map, Cluster_ID=107)	exact Vierstra archetype cluster member gene	archetype_cluster_member	3.446	1.853	1.01	True	1	True
ZNF317	ZNF317	ZN317	Vierstra_cluster_member (lib_archetype_map, Cluster_ID=56)	exact Vierstra archetype cluster member gene	archetype_cluster_member				False	0	False
ZNF331	ZNF331	ZN331	Vierstra_cluster_member (lib_archetype_map, Cluster_ID=270)	exact Vierstra archetype cluster member gene	archetype_cluster_member				False	0	False
ZNF335	ZNF335	SMAD2	Vierstra_cluster_member (lib_archetype_map, Cluster_ID=153)	exact Vierstra archetype cluster member gene	archetype_cluster_member	7.819	1.108	0.561	False	0	True
ZNF335	ZNF335	ZN335	Vierstra_cluster_member (lib_archetype_map, Cluster_ID=153)	exact Vierstra archetype cluster member gene	archetype_cluster_member				False	0	False
ZNF436	ZNF436	ZN436	Vierstra_cluster_member (lib_archetype_map, Cluster_ID=118)	exact Vierstra archetype cluster member gene	archetype_cluster_member				False	0	False
ZNF563	ZNF563	ZN563	Vierstra_cluster_member (lib_archetype_map, Cluster_ID=140)	exact Vierstra archetype cluster member gene	archetype_cluster_member				False	0	False
ZNF708	ZNF708	ZN708	Vierstra_cluster_member (lib_archetype_map, Cluster_ID=136)	exact Vierstra archetype cluster member gene	archetype_cluster_member				False	0	False
